id,titulo,criado_em,fechado_em,quem_criou,quem_fechou,tempo_correcao_dias
35061,[Compiler Bug]: Compiler doesn't memoize if const is between hooks,2025-11-06 17:12:31+00:00,,Mati20041,,
35055,"[DevTools Bug]: DevTools in Edge constantly display ""Looks like this page doesn't have React, or it hasn't been loaded yet.""",2025-11-06 09:02:02+00:00,2025-11-09 14:04:07+00:00,mgrosperrin,mgrosperrin,3.2097800925925926
35049,[DevTools Bug] Cannot read properties of undefined (reading 'map'),2025-11-05 11:55:34+00:00,,Amurmurmur,,
35035,"[Compiler Bug]: Compilation skipped, reason unclear",2025-11-03 08:38:59+00:00,,rnkln,,
35029,[Compiler Bug]: set-state-in-effect false negative whenever tagged template literals are present,2025-11-01 04:03:18+00:00,,mdwyer6,,
35024,[Compiler Bug]: TanStack Form incompatibility ,2025-10-31 10:21:45+00:00,,JamesHyot,,
35023,"[DevTools Bug] Commit tree already contains fiber ""1088"". This is a bug in React DevTools.",2025-10-31 10:04:01+00:00,,MohitPatel1,,
35009,[Compiler Bug]: False positive on closure var reassignment in useMemo store,2025-10-29 15:07:09+00:00,,better-salmon,,
34989,[Compiler Bug]: Callback ref wrapped in `useCallback` not being recreated and rerun,2025-10-27 12:06:18+00:00,,DoodleBobBuffPants,josephsavona,
34976,[Compiler Bug]:,2025-10-25 07:20:59+00:00,2025-10-26 05:06:49+00:00,dhilloshahbaz244-tech,josephsavona,0.9068287037037037
34975,[Compiler Bug]:,2025-10-25 07:20:55+00:00,2025-10-26 05:07:04+00:00,dhilloshahbaz244-tech,josephsavona,0.9070486111111111
34971,[Compiler Bug]: Memoization is not correctly applied around `for` loops,2025-10-24 20:26:40+00:00,,cptpcrd,,
34957,[Compiler Bug]: `react-hooks/preserve-manual-memoization` is triggered for state setter depending on position of `useState`,2025-10-23 14:17:27+00:00,,kachkaev,,
34955,[Compiler Bug]: react-hooks/immutability false positive on ref assignment,2025-10-23 00:43:04+00:00,,igordanchenko,,
34954,[Compiler Bug]: react-hooks/refs false positive on ref forwarding,2025-10-22 23:26:31+00:00,,igordanchenko,,
34931,"[Compiler Bug]: Using useMemo with an sync function should not be reported, or should be able to be configured",2025-10-21 09:06:55+00:00,,julienw,,
34924,"[Compiler Bug]: ""This dependency may be mutated later"" error is inconsistent",2025-10-20 16:31:57+00:00,,cauthmann,,
34905,[Compiler Bug]: react-hooks/set-state-in-effect false positive on async function,2025-10-18 04:18:56+00:00,,printfn,,
34901,[Compiler Bug]: Incorrect closure hoisting causes runtime error,2025-10-17 18:14:54+00:00,,zaqqaz,,
34899,[Compiler Bug]: Incorrect JS output when copying and updating global variable with `+=` in `useEffect`,2025-10-17 14:12:02+00:00,,cxcorp,,
34891,"[Compiler Bug]: Incorrect immutability error ""Error: This value cannot be modified""",2025-10-17 03:29:29+00:00,,snowystinger,,
34888,[Compiler Bug]: Recursive functions seem to confuse the compiler,2025-10-17 01:17:26+00:00,,snowystinger,,
34866,[DevTools Bug]: CSS Animation Errors When Using Devtools,2025-10-15 23:52:23+00:00,,SocietyNiu,,
34818,Bug: Stale closures with `useEffectEvent`,2025-10-12 10:55:35+00:00,2025-10-13 15:58:44+00:00,OliverJAsh,eps1lon,1.2105208333333333
34800,[Compiler Bug]: Using a hook from an object bundle makes Compiler skip the consuming hook,2025-10-10 10:30:14+00:00,,dan-proudfoot-bots,,
34795,[Compiler Bug]: Improve readability of `react-hooks/immutability` log message,2025-10-09 14:18:08+00:00,2025-10-23 18:30:54+00:00,baevm,josephsavona,14.175532407407408
34794,[Compiler Bug]: false positive for eslint rule react-hooks/static-components,2025-10-09 13:53:19+00:00,,TkDodo,,
34775,Bug: eslint-react-hooks false positives on refs rule,2025-10-08 14:59:23+00:00,,marcospgp,,
34773,[Compiler Bug]: Please make a new release above 19.1.0.,2025-10-08 11:02:46+00:00,,cpojer,,
34753,[DevTools Bug] Cannot read properties of undefined (reading 'local'),2025-10-06 15:08:05+00:00,2025-10-08 13:04:38+00:00,mbrammer,hoxyq,1.9142708333333334
34752,[Compiler Bug]: Compiler incorrectly assumes non-nullability and lifts property access,2025-10-06 12:36:38+00:00,,pawelblaszczyk5,,
34750,[Compiler Bug]: Unclear preserve-manual-memoization error message.,2025-10-06 07:54:04+00:00,,cpojer,,
34749,[Compiler Bug]: The compiler cannot handle callbacks which reference themselves.,2025-10-06 07:38:05+00:00,,cpojer,,
34748,[Compiler Bug]: `startTransition` shouldn't be required as a dependency for `useCallback`.,2025-10-06 07:24:39+00:00,2025-10-15 16:45:07+00:00,cpojer,josephsavona,9.389212962962963
34738,"Bug: <title> in <Activity> sets the title when ""mode=hidden""",2025-10-05 12:10:46+00:00,,nilshartmann,,
34711,[DevTools Bug] Cannot read properties of undefined (reading 'local'),2025-10-03 09:35:26+00:00,2025-10-15 02:38:06+00:00,Bunkheang-heng,hoxyq,11.710185185185185
34701,Bug: Support Zod v4 in eslint-plugin-react-hooks,2025-10-02 21:37:46+00:00,2025-10-03 22:56:39+00:00,RampantDespair,josephsavona,1.0547800925925925
34657,[Compiler Bug]: Playground crashes with a simple hook with getters,2025-09-30 14:36:46+00:00,,nandorojo,,
34647,[Compiler Bug]: Please fix `eslint-plugin-react-hooks`,2025-09-29 10:27:59+00:00,2025-10-04 18:38:42+00:00,cpojer,poteto,5.340775462962963
34622,[playground]: Syntax error crashes playground,2025-09-27 14:58:11+00:00,2025-10-09 19:02:57+00:00,ianduvall,EugeneChoi4,12.169976851851851
34603,[DevTools Bug] Cannot read properties of undefined (reading 'length'),2025-09-25 17:56:06+00:00,2025-10-13 10:10:01+00:00,eljonathas,eps1lon,17.676331018518518
34600,"[DevTools Bug] Cannot add child ""43538"" to parent ""35533"" because parent node was not found in the Store.",2025-09-25 14:23:35+00:00,2025-10-12 13:03:09+00:00,gpage-cnr,eps1lon,16.94414351851852
34563,[DevTools Bug] Cannot read properties of undefined (reading 'length'),2025-09-23 06:04:09+00:00,,Vatsal0410,,
34470,[Compiler Bug]: custom hooks that don't explicitly call other hooks are not optimized,2025-09-11 20:33:49+00:00,,SimpleCreations,,
34469,[Compiler Bug]: render functions are left unoptimized,2025-09-11 20:18:34+00:00,,SimpleCreations,,
34418,[Compiler Bug]: Modifying a value returned from a hook is not allowed.,2025-09-08 12:23:18+00:00,2025-09-09 21:09:01+00:00,Zhangjun-Hex,josephsavona,1.3650810185185185
34413,[Compiler Bug]: react-hooks/immutability eslint rule doesn't support setting functional refs from child components,2025-09-07 09:15:09+00:00,,alex-e-leon,,
34378,[Compiler Bug]: TypeScript function overloads cause an exported function from a hook to be `undefined`,2025-09-04 07:14:00+00:00,,yannickm95,,
34342,[Compiler Bug]: false positive ref access in render error when props contain both a `ref` and a `value` and both are accessed,2025-08-29 21:23:09+00:00,,deivshon,,
34337,"[DevTools Bug] Could not find node with id ""250"" in commit tree",2025-08-29 08:38:04+00:00,,shreyanshxyz,,
34336,"[Compiler Bug]: After enabling React Compiler for a React Native / Expo app, Storybook fails (seems to be incorrectly bundled)",2025-08-29 08:16:38+00:00,,InkaAlicja,,
34317,[DevTools Bug] Failed to construct 'URL': Invalid base URL,2025-08-27 14:56:09+00:00,2025-10-08 13:05:49+00:00,dharmasam,hoxyq,41.92337962962963
34313,[Compiler Bug]: Destructure component props caused Compilation skipped because existing memoization could not be preserved,2025-08-27 08:52:30+00:00,,imteammy,,
34311,[Compiler Bug]: errors when the `this` type is declared in a function,2025-08-27 07:37:01+00:00,2025-08-27 21:58:45+00:00,sadan4,poteto,0.5984259259259259
34308,[Compiler Bug]:,2025-08-26 20:48:43+00:00,2025-08-27 14:39:55+00:00,mribichich,josephsavona,0.7438888888888889
34282,[Compiler Bug]:,2025-08-23 16:43:37+00:00,2025-08-23 22:26:39+00:00,yongyuthdamdang-eng,josephsavona,0.2382175925925926
34281,[Compiler Bug]:,2025-08-23 16:43:31+00:00,2025-08-23 22:26:57+00:00,yongyuthdamdang-eng,josephsavona,0.23849537037037036
34280,https://github.com/facebook/react/issues/new/choose,2025-08-23 16:43:23+00:00,2025-08-23 22:27:10+00:00,yongyuthdamdang-eng,josephsavona,0.23873842592592592
34268,[DevTools Bug]: devtools does not works on null origin(sandbox),2025-08-22 14:01:47+00:00,,mochiya98,,
34262,[Compiler Bug]: “The inferred dependencies did not match...” references Compiler’s internal variables,2025-08-21 23:39:08+00:00,,iamakulov,,
34232,[Compiler Bug]: Object.fromEntries() does not mutate,2025-08-19 16:31:53+00:00,,josephsavona,,
34211,[Compiler Bug]: breaks referencial stability in @tanstack/react-query,2025-08-15 19:29:36+00:00,2025-08-20 18:14:39+00:00,TheSisb,TheSisb,4.947951388888889
34195,[DevTools Bug]: No highlighting on modal `<dialog>` elements,2025-08-13 12:04:32+00:00,2025-08-29 14:46:01+00:00,Rumperuu,Rumperuu,16.112141203703704
34194,[Compiler Bug]: Incorrect behavior when using potentially undefined value in function without optional chaining,2025-08-13 09:40:47+00:00,,SampsaKaskela,,
34180,[Compiler Bug]: atomic.ai,2025-08-12 01:01:19+00:00,2025-08-12 01:05:22+00:00,epicoracle1-droid,josephsavona,0.0028125
34172,[Compiler Bug]: Memoization: Compilation skipped because existing memoization could not be preserved,2025-08-11 18:36:40+00:00,,amanmahajan7,,
34138,"[DevTools Bug] Cannot remove node ""10"" because no matching node was found in the Store.",2025-08-08 19:35:58+00:00,2025-10-12 13:03:04+00:00,leeshiela,eps1lon,64.72715277777777
34132,[DevTools Bug]: The link that points to the master branch should point to the main branch instead,2025-08-08 16:08:15+00:00,2025-10-08 13:14:26+00:00,adriancuadrado,hoxyq,60.87929398148148
34131,[Compiler Bug]: (BuildHIR::lowerStatement) Handle TryStatement with a finalizer ('finally') clause,2025-08-08 13:08:43+00:00,2025-08-08 21:47:31+00:00,Tarasikee,Tarasikee,0.36027777777777775
34128,"[DevTools Bug] Cannot add node ""1"" because a node with that id is already in the Store.",2025-08-07 14:26:11+00:00,2025-10-12 13:02:46+00:00,ecobanoglu,eps1lon,65.94207175925926
34108,[Compiler Bug]: Compiler introduces unnecessary breaks that skips its own memoization,2025-08-05 02:20:05+00:00,2025-09-04 00:44:43+00:00,refparo,josephsavona,29.93377314814815
34072,"[Compiler Bug]: ""Internal error: MethodCall::property must be an unpromoted..."" on specific Math.floor, Math.ceil usages",2025-07-31 16:46:59+00:00,,deivshon,,
34056,[Compiler Bug]:,2025-07-30 15:39:08+00:00,2025-07-30 16:45:44+00:00,yahya9-c,josephsavona,0.04625
34046,[Compiler Bug]: False positive for “impure function during render” inside callback,2025-07-29 20:50:53+00:00,,controversial,,
34018,[Compiler Bug]: Inconsistent errors between React Compiler Playground and latest experimental npm package,2025-07-28 10:18:28+00:00,2025-07-29 22:45:04+00:00,laug,laug,1.5184722222222222
34014,[Compiler Bug]:  Compiler does not optimize functions unless manually memoized,2025-07-27 11:13:22+00:00,2025-07-28 01:26:08+00:00,imteammy,imteammy,0.5921990740740741
33978,[Compiler Bug]: Component defined inside function cause incorrect optimization,2025-07-24 08:17:01+00:00,2025-08-27 17:59:27+00:00,suguanYang,poteto,34.404467592592596
33937,Bug: `React.use` inside `React.lazy`-ed component returns other `React.use` value on SSR,2025-07-18 00:42:48+00:00,2025-07-28 08:36:09+00:00,hi-ogawa,eps1lon,10.328715277777778
33781,[Compiler Bug]: Mutating local variable created from destructuring a prop is incorrectly detected as a prop mutation,2025-07-13 00:04:56+00:00,2025-07-25 23:41:11+00:00,laug,laug,12.983506944444445
33764,[Compiler Bug]:,2025-07-11 14:54:52+00:00,,BorzovRuslanR,,
33762,"[Compiler Bug]: I encountered an error when running yarn build:chrome, then errors happen",2025-07-11 06:48:25+00:00,,tangzhenyu0618,,
33738,"[DevTools Bug] Cannot remove node ""810"" because no matching node was found in the Store.",2025-07-08 19:14:57+00:00,,mazamine,,
33689,[Compiler Bug]: Not handling named functions calling named functions when defined in a weird order,2025-07-03 12:54:15+00:00,,amcsi,,
33681,[Compiler Bug]: Compiler break other babel plugins,2025-07-01 16:14:55+00:00,,otomad,,
33678,[DevTools Bug] callSite.getScriptNameOrSourceURL is not a function (it is undefined),2025-07-01 08:07:25+00:00,,mattchannn,,
33628,[Compiler Bug]: Compiler behavior with and without useCallback,2025-06-24 14:10:09+00:00,,mykhalenych,,
33617,[Compiler Bug]: babel plugin and eslint plugin seemingly inconsistent,2025-06-23 13:49:49+00:00,,phryneas,,
33614,[Compiler Bug]: new mutation aliasing model incorrectly detects a frozen value mutation when mutating a set created via passing the set constructor a frozen value,2025-06-22 13:45:28+00:00,2025-06-24 18:29:31+00:00,deivshon,josephsavona,2.1972569444444443
33610,[Compiler Bug]:,2025-06-22 09:59:15+00:00,,Biki-das,,
33585,"[DevTools Bug]: Showing ""This page doesn’t appear to be using React"" even in react.dev",2025-06-21 03:33:11+00:00,,asd58584388,,
33580,Bug: Rendered more hooks than during the previous render when component calls use(thenable) after hydration in a specific transition,2025-06-20 03:22:31+00:00,,RobPruzan,,
33577,[Compiler Bug]: Compiler tries to assign to variables that does not exist,2025-06-19 14:24:26+00:00,2025-06-25 18:10:10+00:00,SimenB,josephsavona,6.1567592592592595
33559,[Compiler Bug]: Compiler optimizes away useMemo with manual dependencies,2025-06-18 12:33:24+00:00,,KurtGokhan,,
33555,[DevTools Bug]:  Unnecessary Re-render Highlight on Sibling Component in React DevTools,2025-06-17 17:53:36+00:00,,yuki2006,,
33541,Bug: React date input not working with iOS voiceover,2025-06-16 16:54:39+00:00,,thegrims,,
33502,[Compiler Bug]: Functions defined in render that return primitives don't have usages memoized,2025-06-11 01:48:19+00:00,,jaaamesey,,
33360,[Compiler Bug]:,2025-05-27 18:54:24+00:00,,yungsters,,
33322,"[DevTools Bug] Cannot remove node ""25"" because no matching node was found in the Store.",2025-05-21 06:13:31+00:00,2025-10-12 13:03:25+00:00,vinaymarati,eps1lon,144.28465277777778
33315,[Compiler Bug]: Todo: (BuildHIR::lowerExpression) Handle ??= operators in AssignmentExpression (164:164),2025-05-20 14:35:24+00:00,,Daniel3711997,,
33302,[Compiler Bug]: React fails to rerender list items when using compiler with zustand store,2025-05-18 16:18:21+00:00,,MarkusWendorf,,
33292,[DevTools Bug]: UI not using full window space,2025-05-16 15:55:38+00:00,2025-05-20 09:47:54+00:00,bidinzky,bidinzky,3.7446296296296295
33223,[Compiler]: Suppressing ref validation errors makes it unclear why code accessing refs is unmemoized,2025-05-16 02:05:08+00:00,2025-07-29 19:09:52+00:00,jonbri,josephsavona,74.71162037037037
33210,[DevTools Bug]: Context display does not support HOC name tagging,2025-05-15 11:56:01+00:00,,mio-moto,,
33209,[Compiler]: flags mutations of shared mutable refs and skips optimizations,2025-05-15 07:44:15+00:00,2025-07-29 19:09:20+00:00,szhsin,josephsavona,75.47575231481481
33208,[Compiler]: passing `ref` to render prop will void optimization,2025-05-15 05:39:44+00:00,2025-07-29 19:02:07+00:00,szhsin,josephsavona,75.55721064814814
33198,[Compiler Bug]: compiler doesn't work with `@svgr/webpack`,2025-05-14 13:56:00+00:00,2025-05-31 00:25:34+00:00,ellemedit,ellemedit,16.437199074074073
33196,[Compiler Bug]: Compiler errors when optimizing component with spread assignment in `if` in `while` loop,2025-05-14 10:22:44+00:00,2025-08-19 16:25:51+00:00,kumpelstachu,josephsavona,97.25216435185185
33187,Bug: CSS not being applied properly in Chrome with React experimental (moveBefore),2025-05-13 14:28:19+00:00,2025-06-19 08:04:49+00:00,guillaumebrunerie,guillaumebrunerie,36.73368055555556
33173,[DevTools Bug] Minified React error #310; visit https://react.dev/errors/310 for the full message or use the non-minified dev environment for full errors and additional helpful warnings.,2025-05-12 09:10:11+00:00,,crucioo,,
33171,[Compiler Bug]: React Compiler breaks SuperToken's react-native global fetch patch,2025-05-11 17:59:55+00:00,2025-05-17 23:36:28+00:00,vanstinator,josephsavona,6.233715277777778
33075,[Compiler Todo]: `for await` loop fails to optimize component.,2025-04-30 22:31:20+00:00,,suneettipirneni,,
33052,[Compiler Bug]: TypeError: isUndefined is not a function (it is undefined),2025-04-29 09:07:21+00:00,2025-09-11 22:38:15+00:00,Robert27,Robert27,135.563125
33050,[Compiler]: skipped memoization due to potential modification after hook call,2025-04-29 05:33:17+00:00,,szhsin,,
33025,[Compiler Bug]: Unexpected [ Server ] Error: {} causing ErrorBoundary crash in Next.js 15.1.6 with Turbopack,2025-04-25 17:16:40+00:00,,Emmanuel-Xs,,
32986,[Compiler Bug]: eslint-plugin-react-hooks does not enable the new rule for the React compiler,2025-04-22 12:39:34+00:00,,guillaumebrunerie,,
32964,"[DevTools Bug] Cannot remove node ""107"" because no matching node was found in the Store.",2025-04-19 15:11:40+00:00,2025-10-12 13:03:51+00:00,heyitsdurdona,eps1lon,175.91123842592592
32950,[Compiler Bug]: Coverage report shows missing branch coverage,2025-04-17 09:00:56+00:00,,ValentinGurkov,,
32947,[Compiler Bug]: Property 'tsSatisfiesExpression' does not exist on type...,2025-04-17 07:03:41+00:00,2025-08-19 16:35:37+00:00,saul-atomrigs,josephsavona,124.39717592592592
32915,[Compiler Bug]: Unicode characters handled incorrectly,2025-04-15 13:53:26+00:00,2025-08-19 16:36:05+00:00,JCown,josephsavona,126.11295138888889
32852,"[DevTools Bug] Cannot add node ""909"" because a node with that id is already in the Store.",2025-04-11 11:56:38+00:00,,IvanGoranov02,,
32836,[DevTools Bug]: Firefox devtools extension doesn't work with React 19,2025-04-09 13:49:06+00:00,,shardul-b,,
32835,[DevTools Bug]: symbolicated sourcemaps won't fetch for rsc components on Chrome 135.0.7 (rsc:// and webpack:// prefixed fetches fail),2025-04-09 05:45:53+00:00,,jamiesunderland,,
32805,[DevTools Bug]:,2025-04-02 12:51:20+00:00,2025-04-02 18:08:14+00:00,rayan2005643,eps1lon,0.22006944444444446
32804,[Bug]: ERR_INVALID_ARG_TYPE occurs when I install project,2025-04-02 04:38:51+00:00,2025-04-02 14:02:20+00:00,SongMinQQ,SongMinQQ,0.39130787037037035
32776,[DevTools Bug]: Doesn't work in browser extensions,2025-03-28 10:55:53+00:00,2025-04-23 17:15:17+00:00,ghost,hoxyq,26.263472222222223
32771,"[DevTools Bug]: Firefox extension out of date (v6.0.0, 2024-09-26)",2025-03-27 18:55:01+00:00,2025-10-15 08:42:43+00:00,zeorin,zeorin,201.57479166666667
32750,"[DevTools Bug] Cannot add node ""29"" because a node with that id is already in the Store.",2025-03-25 20:22:30+00:00,2025-10-12 13:03:58+00:00,Gontse7,eps1lon,200.69546296296295
32713,[DevTools Bug]: Apple CloudKit JS sign in button doesn't work when extension is enabled,2025-03-22 18:29:06+00:00,,infinitepower18,,
32659,[DevTools Bug]: cannot double click anymore on component name to filter the tree view (in Components tab) (since v6.1.1),2025-03-18 13:48:33+00:00,2025-05-12 13:13:11+00:00,clementcitiz,clementcitiz,54.97543981481481
32642,"[DevTools Bug] Cannot remove node ""37930"" because no matching node was found in the Store.",2025-03-16 22:57:28+00:00,2025-03-17 08:04:01+00:00,boss6825,boss6825,0.3795486111111111
32620,[Compiler Bug]: return without value causes bailout,2025-03-15 00:10:10+00:00,2025-04-15 14:28:57+00:00,aeharding,aeharding,31.596377314814816
32580,[Compiler Bug]: `enableFunctionOutlining` breaks `react-native-reanimated` API callbacks,2025-03-12 16:24:10+00:00,,tjzel,,
32575,[Compiler Bug]: eslint-plugin-react-compiler has incorrect type definitions,2025-03-12 01:09:04+00:00,2025-03-27 04:00:19+00:00,printfn,printfn,15.11892361111111
32573,[DevTools Bug] i is undefined,2025-03-11 20:48:21+00:00,,endolith,,
32555,[DevTools Bug]: Use console custom formatters,2025-03-09 02:13:41+00:00,,sroussey,,
32552,[DevTools Bug]: Negative infinity is serialized and shown as `Infinity` ,2025-03-08 11:14:40+00:00,,mart3323,,
32485,[DevTools Bug]: The memo component is not displayed correctly,2025-02-27 05:42:40+00:00,,spencer17x,,
32484,[DevTools Bug]: Highlight updates when components render error,2025-02-27 05:38:09+00:00,,spencer17x,,
32473,"[Compiler Bug]: Should support hooks named with symbols: use$, use_",2025-02-25 14:13:35+00:00,,jmeistrich,,
32440,[Compiler Bug]: Cyclic dependencies when using the react-compiler and metro bundler can result in sometimes undefined hook imports,2025-02-21 02:39:40+00:00,2025-07-24 16:48:04+00:00,the-simian,poteto,153.58916666666667
32432,[Compiler Bug]: React throws an error when useMemo is used.,2025-02-20 10:34:06+00:00,2025-02-20 11:06:29+00:00,Uttkarsh-Srivastava,Uttkarsh-Srivastava,0.022488425925925926
32424,[Compiler Bug]: Make memoization more granular,2025-02-19 11:54:12+00:00,2025-02-19 23:01:49+00:00,oleksii-kononykhin,mofeiZ,0.4636226851851852
32418,[DevTools Bug]: Profiler show false re-renders,2025-02-18 21:14:27+00:00,,ChibiBlasphem,,
32364,[Compiler Bug]: math operators prevent caching,2025-02-12 11:44:14+00:00,2025-02-16 18:25:24+00:00,lstkz,josephsavona,4.278587962962963
32320,[Compiler Bug]: InvalidReact: Ref values (the `current` property) may not be accessed during render. False Positive,2025-02-06 21:05:56+00:00,2025-07-29 19:10:38+00:00,funktr0n,josephsavona,172.91993055555557
32270,[DevTools Bug]:  [DevTools Bug] Minified React error #482; visit https://react.dev/errors/482 for the full message or use the non-minified dev environment for full errors and additional helpful warnings.,2025-01-30 10:14:23+00:00,2025-01-30 10:15:00+00:00,Omniakhalid,Omniakhalid,0.00042824074074074075
32269,[Compiler Bug]: Upgrading from `e552027-20250112` to `27714ef-20250124` no longer optimizes,2025-01-30 08:10:31+00:00,2025-02-19 21:22:55+00:00,SimenB,mofeiZ,20.55027777777778
32261,"[Compiler Bug]: ""Ref values (the `current` property) may not be accessed during render"" but there is no value access",2025-01-29 13:49:56+00:00,2025-08-19 16:32:31+00:00,fdelu,josephsavona,202.1129050925926
32257,[DevTools Bug]:  [DevTools Bug] Minified React error #482; visit https://react.dev/errors/482 for the full message or use the non-minified dev environment for full errors and additional helpful warnings.,2025-01-29 08:37:50+00:00,2025-02-10 20:12:50+00:00,najeebWorld,hoxyq,12.48263888888889
32235,[Compiler Bug]: Hydration failed because the server rendered HTML didn't match the client. As a result this tree will be regenerated on the client. This can happen if a SSR-ed Client Component used,2025-01-27 12:16:47+00:00,,egorBezmen,,
32196,"[DevTools Bug]:  [DevTools Bug] Cannot reorder children for node ""0"" because no matching node was found in the Store.",2025-01-23 11:25:04+00:00,,MikeEzzati,,
32192,[DevTools Bug]:  Support Iterables in React DevTools,2025-01-23 08:51:30+00:00,2025-01-29 18:12:08+00:00,atharv9017,atharv9017,6.389328703703704
32189,[Compiler Bug]:  Incorrect Optimization of JS Output,2025-01-23 08:11:54+00:00,2025-01-23 18:03:07+00:00,atharv9017,mofeiZ,0.41056712962962966
32165,[DevTools Bug]: react-devtools not start up,2025-01-23 01:40:01+00:00,,yuyang-ok,,
32137,[Compiler Bug]: double quote compile incorrectly,2025-01-20 22:32:12+00:00,2025-01-22 17:05:01+00:00,himself65,mofeiZ,1.7727893518518518
32123,[Compiler Bug]: Compiler messes up with escape character,2025-01-19 06:05:54+00:00,2025-01-22 19:22:37+00:00,jgangel,mofeiZ,3.553275462962963
32118,"[DevTools Bug] Cannot add child ""301"" to parent ""155"" because parent node was not found in the Store.",2025-01-18 03:21:16+00:00,2025-04-01 08:56:19+00:00,DilinJose,DilinJose,73.23267361111111
32109,"[Compiler Bug]: eslint plugin erroneously flags third-party functions starting with ""use"" as hooks",2025-01-17 14:32:20+00:00,,ddolcimascolo,,
32107,[Compiler Bug]: Compiler assumes all functions returned from hooks are pure,2025-01-17 11:08:39+00:00,2025-01-17 15:30:24+00:00,ddolcimascolo,mofeiZ,0.18177083333333333
32089,[DevTools Bug]: incorrect error on react-hooks/exhaustive-deps,2025-01-16 15:29:24+00:00,,sajera,,
32085,[Compiler Problem]: npm packages do not follow semantic versioning,2025-01-16 06:55:52+00:00,2025-01-17 17:03:18+00:00,FleetAdmiralJakob,poteto,1.4218287037037036
32059,[DevTools Feature Request]: show reference to component instance when profiling,2025-01-13 22:13:44+00:00,2025-01-15 08:12:57+00:00,Eliav2,Eliav2,1.4161226851851851
32057,[DevTools Bug] Cannot read properties of undefined (reading 'replace'),2025-01-13 17:08:57+00:00,2025-01-28 21:45:30+00:00,pqhcker,hoxyq,15.192048611111112
32048,[Compiler Bug]: Compiler incorrectly unwraps `useMemo()`,2025-01-12 16:15:09+00:00,2025-01-13 16:40:56+00:00,MrFlashAccount,josephsavona,1.0179050925925925
32014,[Compiler Bug]: Playground doesn't display compiler violations,2025-01-08 09:48:07+00:00,2025-01-09 17:21:08+00:00,MrFlashAccount,poteto,1.3145949074074075
32011,[Compiler Bug]: Upgrading to react compiler runtime 19.0.0-beta-63e3235-20250105 breaks app built with Vite + React Route v7,2025-01-07 19:00:30+00:00,2025-01-09 18:19:04+00:00,rishitells,poteto,1.9712268518518519
31977,[DevTools Bug]: React DevTools Profiler freezes after recording multiple events,2025-01-04 16:15:59+00:00,2025-01-14 20:23:43+00:00,MariniGraphicDesigner,hoxyq,10.172037037037038
31950,"[DevTools Bug] Cannot remove node ""92"" because no matching node was found in the Store.",2025-01-01 16:10:15+00:00,2025-10-12 13:04:03+00:00,TheOnly1TY,eps1lon,283.87069444444444
31941,"[DevTools Bug] Cannot remove node ""26868"" because no matching node was found in the Store.",2024-12-31 04:38:29+00:00,2024-12-31 04:38:57+00:00,parth-kbs,parth-kbs,0.00032407407407407406
31911,[DevTools Bug] Minified React error #310; visit https://react.dev/errors/310 for the full message or use the non-minified dev environment for full errors and additional helpful warnings.,2024-12-25 15:27:25+00:00,,ayush-ap11,,
31888,"[DevTools Bug] Could not find commit data for root ""1""",2024-12-22 13:17:55+00:00,,anwarrturay,,
31880,[DevTools Bug]: Profiling not supported error with up-to-date React.,2024-12-20 22:07:56+00:00,,patrickwalton,,
31878,[DevTools Bug]: Profiling not supported error points to stale documentation link.,2024-12-20 22:04:06+00:00,,patrickwalton,,
31864,[Compiler Bug]: Linter complains about ref `current` access during render when returning array with Typescript's `as const`,2024-12-20 02:44:03+00:00,2024-12-20 16:56:49+00:00,valtism,josephsavona,0.5921990740740741
31790,Bug: `use` function doesn't warn about uncached promise when promise doesn't resolve immediately,2024-12-15 13:25:01+00:00,,tomdohnal,,
31763,"[Compiler Bug]: wrong check with all `props` object (`$[0] !== props`) when accessing the function from the `props` object and calls it, e.g. `props.reportBug()`",2024-12-13 20:43:58+00:00,2024-12-14 04:43:54+00:00,dimaMachina,josephsavona,0.33328703703703705
31745,[Compiler Bug]: Handle TSInstantiationExpression expressions,2024-12-12 17:26:06+00:00,2025-02-03 16:41:06+00:00,artsiomshaitar,josephsavona,52.96875
31743,"[DevTools Bug] Cannot add node ""1"" because a node with that id is already in the Store.",2024-12-12 11:10:31+00:00,2025-10-12 13:04:10+00:00,Nasrallah1997,eps1lon,304.0789236111111
31742,[Compiler Bug]: Ref values may not be accessed during render when using `mergeRefs`,2024-12-12 09:32:53+00:00,2025-07-29 19:04:57+00:00,NeilTheFisher,josephsavona,229.39726851851853
31727,[Compiler Bug]: Compiler fails to memoize hooks with no hook calls,2024-12-10 23:35:42+00:00,2025-08-19 16:34:56+00:00,billyjanitsch,josephsavona,251.70780092592594
31702,[Compiler Bug]: server components built externally by the compiler error when rendered in app,2024-12-08 14:09:14+00:00,,DanielOrtel,,
31679,[DevTools Bug]: Profiler stuck and crash,2024-12-05 21:46:57+00:00,2025-01-14 20:23:44+00:00,JoshL579,hoxyq,39.94221064814815
31673,[Compiler Bug]: Properties added to hook functions are removed,2024-12-05 13:46:19+00:00,,reyronald,,
31651,[Compiler Bug]: Moved breakpoint in React Native,2024-12-02 11:19:11+00:00,,maciekstosio,,
31643,[Compiler Bug]: [ESLINT][React Native] Animated and ref.current error: Ref values (the `current` property) may not be accessed during render.,2024-11-28 13:09:12+00:00,2024-11-28 13:22:51+00:00,retyui,retyui,0.009479166666666667
31639,"[Compiler Bug]: `SyntaxError: Unexpected token, expected ""{""` for components declared with arrow function and implicit returns",2024-11-27 17:48:50+00:00,2024-12-15 20:59:35+00:00,dimaMachina,dimaMachina,18.13246527777778
31638,[DevTools Bug] Highlighting Occurs Without Actual Re-Rendering,2024-11-27 07:41:21+00:00,2024-12-24 17:29:44+00:00,simjieun,josephsavona,27.408599537037038
31637,[Compiler Bug]: False positive `Ref values (the `current` property) may not be accessed during render` for non-jsx code,2024-11-26 21:18:57+00:00,,dimaMachina,,
31636,[DevTools Bug]: Component flashing many times but profiler says it was rendered once,2024-11-26 16:29:16+00:00,,rhberro,,
31631,[Compiler Bug]: React Hook placement prevents memoization of dependent variables,2024-11-25 12:37:32+00:00,,damianstasik,,
31630,[Compiler Bug]: ESLint Compiler rules do not allow writing to external variable from effect-called function,2024-11-24 22:42:46+00:00,,joao-esteves,,
31602,"[DevTools Bug]: When I opened react-devtools on my terminal,can not see the component tree,",2024-11-21 02:22:52+00:00,2024-11-22 09:17:13+00:00,huangnan20030709,huangnan20030709,1.2877430555555556
31601,"[Playground Bug]: Unexpected token, expected ""{""",2024-11-21 01:11:40+00:00,2025-01-23 19:37:37+00:00,gkiely,gkiely,63.76802083333333
31569,[Compiler Bug]: False positive local mutation warning inside filter,2024-11-17 20:15:49+00:00,,gaearon,,
31567,Bug: useEffect fires synchronously even though it is not the result of a discrete input ,2024-11-17 15:15:34+00:00,2024-12-16 11:36:21+00:00,theKastle,eps1lon,28.847766203703703
31566,[React 19] Prewarm with use() broken in certain state-change situations in the parent,2024-11-17 12:27:05+00:00,,Ephem,,
31551,[Compiler Bug]: null reference exception if you assume a value is not null in a callback (which can be valid),2024-11-15 14:28:17+00:00,,lukpsaxo,,
31550,[Compiler Bug]: null reference exception when using lodash map,2024-11-15 10:55:38+00:00,2024-11-18 07:15:23+00:00,lukpsaxo,lukpsaxo,2.847048611111111
31549,[DevTools Bug]: Components tab freezes after inspecting,2024-11-15 09:45:50+00:00,,Stef-O,,
31545,[Compiler Bug]: eslint plugin rule only applied to first instance inside a file,2024-11-14 21:27:01+00:00,,miachenmtl,,
31544,"[Compiler Bug]: Incorrect ""Writing to a variable defined outside a component or hook is not allowed."" error",2024-11-14 20:22:10+00:00,,jakubmazanec,,
31537,How do I use react-devtools in react-native projects on Android phones,2024-11-14 03:27:36+00:00,2024-11-22 09:17:36+00:00,huangnan20030709,huangnan20030709,8.243055555555555
31532,[Compiler Bug]: High number of component bailouts due to BuildHIR::lowerExpression issues,2024-11-13 10:40:30+00:00,2024-11-13 19:26:46+00:00,rajatvijay,poteto,0.365462962962963
31481,[Compiler Bug]: `eslint-plugin-react-compiler`: npm warn deprecated `@babel/plugin-proposal-private-methods`,2024-11-12 08:10:34+00:00,,rakleed,poteto,
31474,[Compiler Bug]: Getting false eslint error from compiler,2024-11-10 16:00:15+00:00,2025-07-27 23:05:27+00:00,PraveenVerma17,josephsavona,259.29527777777776
31470,"[Compiler Bug]: ""Mutating a value returned from 'useContext()', which should not be mutated"" When the value is a Ref",2024-11-10 03:11:53+00:00,2025-07-29 19:04:39+00:00,jay-herrera,josephsavona,261.66164351851853
31469,"[Compiler Bug]: ""InvalidReact: Mutating component props or hook arguments is not allowed"" When Passing a MutableRef as a prop, then mutating it in child",2024-11-10 02:49:42+00:00,,jay-herrera,,
31463,"[DevTools Bug] getCommitTree(): Invalid commit ""7"" for root ""1"". There are only ""7"" commits.",2024-11-08 18:59:44+00:00,,acolchagoff,,
31462,Compiler does not provide stable results for impure functions,2024-11-08 17:36:46+00:00,,bjnsn,,
31447,[DevTools Bug]: Element selector mode not working with coarse pointer,2024-11-07 13:00:18+00:00,,nwazuo,,
31436,"[DevTools Bug] Cannot remove node ""2546"" because no matching node was found in the Store.",2024-11-06 11:24:01+00:00,2025-10-12 13:04:28+00:00,merehan1111,eps1lon,340.06975694444446
31422,[DevTools Bug]: Copy to clipboard doesn't work,2024-11-05 15:05:30+00:00,2025-01-15 18:41:23+00:00,thany,hoxyq,71.14991898148148
31420,[Compiler Bug]: Discriminated unions with undefined cause compiler to blow up,2024-11-05 10:23:14+00:00,2024-11-05 16:33:17+00:00,NickBlow,josephsavona,0.25697916666666665
31418,[Compiler Bug]: Does not check for ref access in useState initial value function,2024-11-05 02:09:57+00:00,2025-07-29 19:10:06+00:00,aeharding,josephsavona,266.7084375
31410,[DevTools Bug]: Settings / Components / Hide components where...  - need to be set on each reload.,2024-11-04 12:12:54+00:00,,joacim-boive,,
31407,[Compiler Bug]: `'Unused 'use no memo' directive'` lint warning even though the directive is used,2024-11-02 17:25:16+00:00,2025-10-02 23:19:03+00:00,jthemphill,poteto,334.2456828703704
31402,[Compiler Bug]: Eagerly dereferencing a property from an object that may be undefined,2024-11-01 21:42:13+00:00,2024-11-13 22:06:59+00:00,gaearon,poteto,12.017199074074075
31396,[Compiler Bug]: ,2024-11-01 12:50:54+00:00,,stipsan,,
31381,[DevTools Bug]: Stuck in an infinite error loop: TypeError: e.type._context is undefined,2024-10-29 08:36:05+00:00,2024-10-30 20:42:09+00:00,amirrezaDev1378,amirrezaDev1378,1.504212962962963
31380,"[DevTools Bug] Could not find commit data for root ""1""",2024-10-29 06:27:45+00:00,,sunaina-dev21,,
31357,"[Compiler Bug]: Error when calling `React.createElement(..., { ref })`",2024-10-25 20:11:09+00:00,,jthemphill,,
31353,[DevTools Bug]: React profiler reporting false rendering times,2024-10-24 20:38:21+00:00,,yepitschunked,,
31351,[Compiler Bug]: Compiler generates unsafe property access code while updating cache,2024-10-24 18:25:20+00:00,2024-11-13 22:11:28+00:00,nfarina,poteto,20.157037037037036
31341,[Compiler Bug]: `useLayoutEffect` without dependency array should be allowed by either `react-hooks/exhaustive-deps` or `react-compiler/react-compiler`,2024-10-24 08:23:42+00:00,,Svish,,
31339,[Compiler Bug]: False positive calling WebGLContext.useProgram,2024-10-23 21:40:26+00:00,,controversial,,
31334,[Compiler Bug]: TS types missing for `eslint-plugin-react-compiler`,2024-10-23 16:57:36+00:00,,karlhorky,,
31331,"[Compiler Bug]: `""use no memo""` Directive ignored by React Compiler Playground",2024-10-23 11:13:05+00:00,2024-11-18 20:38:24+00:00,piotrski,poteto,26.39258101851852
31327,[Compiler Bug]: Lint plugin is too strict about passing hooks as values,2024-10-22 22:28:49+00:00,,devongovett,,
31310,"[DevTools Bug] Could not find node with id ""18006"" in commit tree",2024-10-21 01:51:56+00:00,,mohamedziadjabbad,,
31290,[Compiler Bug]: Memoizing a debounced function complains about ref access,2024-10-18 17:58:41+00:00,,RobinClowers,,
31285,[DevTools Bug]: Phantom re-renders on sibling <label> components,2024-10-18 08:08:40+00:00,,jindong-zhannng,,
31279,[DevTools Bug]:  `gl.useProgram(program);` will cause react-refresh to perform incorrect code injection.,2024-10-17 06:40:12+00:00,,Yukiniro,,
31272,"[Compiler Bug]: if you use optional chaining, ref values can be read during render (new issue in the last few days)",2024-10-16 05:36:20+00:00,2025-01-22 21:44:45+00:00,lukpsaxo,mofeiZ,98.67251157407408
31266,[DevTools Bug]: v6.0.0 (9/26/2024) of devtools makes a page extremely slow in dev (even when devtools are closed),2024-10-15 14:24:44+00:00,,lauri865,,
31264,[Compiler Bug]: false positive when accessing `window.location` from the props object,2024-10-15 13:16:29+00:00,,iamakulov,,
31262,[Compiler Bug]: Does not correctly identify components returned from factory,2024-10-15 10:36:02+00:00,,imjordanxd,,
31259,"[DevTools Bug] Cannot remove node ""820"" because no matching node was found in the Store.",2024-10-15 09:44:46+00:00,,mohammadreza82,,
31236,[DevTools Bug]: React Devtools do not show source position for host component,2024-10-14 06:48:03+00:00,,mqliutie,,
31205,[Compiler Bug]: TypeError: Cannot read properties of undefined (reading 'length'),2024-10-11 21:13:40+00:00,,kireerik,,
31180,[Compiler Bug]: Optimization Fails with Nested Method Shorthand Syntax in Components,2024-10-10 22:31:20+00:00,2025-01-13 17:19:48+00:00,hlege,mofeiZ,94.7836574074074
31173,[Compiler Bug]: eslint-plugin-react-compiler versioning strategy breaks semver,2024-10-10 10:14:20+00:00,2024-10-16 19:24:09+00:00,lukpsaxo,poteto,6.3818171296296295
31172,[Compiler Bug]: Compiler modified and broke external react component default export,2024-10-10 09:46:18+00:00,,reinismu,,
31150,[Compiler Bug]:  babel-plugin-react-compiler@0.0.0-experimental-7779988-20241007,2024-10-08 05:20:10+00:00,2024-10-08 13:54:02+00:00,kmani-fullstack,poteto,0.35685185185185186
31135,[DevTools Bug]: stuck at loading react element tree,2024-10-07 14:37:24+00:00,2024-10-07 14:46:55+00:00,Arichy,hoxyq,0.006608796296296297
31133,[DevTools Bug]: Profiler fail at createing profile for large pages,2024-10-07 10:55:00+00:00,,amirsarfarW,,
31130,[Compiler Bug]: Performance - `useEffect` without dependencies should be left alone,2024-10-06 20:43:03+00:00,,xsduan,,
31121,[DevTools Bug] Cannot destructure property 'duration' of 'e[g]' as it is undefined.,2024-10-05 08:05:35+00:00,,ngannguyen438,,
31100,[DevTools Bug]: Script tag connection method not working in 6.0.0,2024-09-30 15:00:54+00:00,2024-10-01 13:03:50+00:00,MMMartt,hoxyq,0.9187037037037037
31086,"[DevTools Bug] Cannot add node ""20468"" because a node with that id is already in the Store.",2024-09-27 06:57:03+00:00,2025-10-12 13:04:32+00:00,NirnayK,eps1lon,380.25519675925926
31070,[Compiler Bug]: setState in useEffect / react compiler and eslint hooks plugin,2024-09-26 09:46:43+00:00,,lukpsaxo,,
31025,[DevTools Bug]: No way to debug suspense events,2024-09-23 14:21:03+00:00,,Diggsey,,
31014,[Compiler Bug]: function parameter inside component override outer parameter incorrectly,2024-09-21 00:14:44+00:00,,pilaoda,,
30994,[React 19] [bug] SVG with dangerouslySetInnerHTML content does not trigger first click,2024-09-18 13:52:05+00:00,,zdravkov,,
30898,"[DevTools Bug] The ""path"" argument must be of type string. Received undefined",2024-09-06 21:05:13+00:00,,cayolegal1,,
30782,[Compiler Bug]: eslint-plugin-react-compiler errors when updating initialization of ref.current,2024-08-21 23:52:41+00:00,2025-07-29 17:53:14+00:00,jeremy-code,josephsavona,341.7503819444444
30772,"[DevTools Bug]: inspecting pseudo-elements in Firefox gives error `Permission denied to access property ""__reactFiber$sofadm08s2""`",2024-08-21 07:08:14+00:00,,fspin,,
30754,[DevTools Bug]: Inconsistent behavior; React dev tools does not recognize a react website; 'service worker(inactive)',2024-08-20 17:22:41+00:00,,tarungka,,
30745,[Compiler]: Ref values (the `current` property) may not be accessed during render - showing error message for custom hooks,2024-08-19 17:25:03+00:00,2024-09-25 16:02:15+00:00,gkiely,gkiely,36.9425
30709,"[React 19] `use()` promise from state causes ""async/await is not yet supported in Client Components"" error",2024-08-15 10:03:34+00:00,,tom-sherman,tom-sherman,
30691,[React 19] No re-render after 'useActionState' action queue finishes,2024-08-14 12:04:29+00:00,,morditore,,
30682,[DevTools Bug]: Cannot view source with remote sourcemap containing absolute `sources`,2024-08-13 22:22:45+00:00,,yepitschunked,,
30661,"[DevTools Bug] getCommitTree(): Invalid commit ""2"" for root ""1"". There are only ""1"" commits.  ",2024-08-12 13:20:04+00:00,2024-09-23 12:28:55+00:00,VivekMendhe,EdmondChuiHW,41.96447916666666
30659,Bug: React refresh fails when component type is changed to memo or forward ref and vice versa,2024-08-12 10:27:17+00:00,,Biki-das,hoxyq,
30627,[Compiler]: Using `for` loop for array of strings,2024-08-07 12:21:02+00:00,2024-08-08 05:07:05+00:00,saul-atomrigs,josephsavona,0.6986458333333333
30607,"[DevTools Bug] Cannot add node ""1"" because a node with that id is already in the Store.",2024-08-06 09:20:37+00:00,2025-10-12 13:04:37+00:00,arvindhcm,eps1lon,432.15555555555557
30580,[React 19] Controlled `<select>` component is subject to automatic form reset,2024-08-02 10:01:56+00:00,,cjg1122,,
30577,"[DevTools Bug] Cannot remove node ""366"" because no matching node was found in the Store.",2024-08-02 08:17:10+00:00,2025-10-12 13:05:02+00:00,vanshnayak2002,eps1lon,436.1999074074074
30493,"[Compiler Bug]: eslint-plugin-react-compiler reports ""Hooks may not be referenced as normal values"" if property begins ""use""",2024-07-28 07:31:17+00:00,,lukpsaxo,,
30368,Bug: useFormStatus pending state is reset when component state is updated,2024-07-18 01:59:20+00:00,,jatwood,,
30175,Independent re-renders from UNSAFE_componentWillReceiveProps cause maximum update depth error,2024-07-01 19:43:31+00:00,,kassens,,
30172,[React 19] Cannot assign to readonly property,2024-07-01 16:26:51+00:00,2024-07-22 14:38:18+00:00,hipstersmoothie,eps1lon,20.924618055555555
30143,[DevTools Bug]: React Devtools not working neither on vite or cra project,2024-06-30 06:10:41+00:00,2024-07-01 08:32:07+00:00,prashantmgk,hoxyq,1.0982175925925926
30114,"[DevTools Bug] getCommitTree(): Invalid commit ""1"" for root ""445"". There are only ""1"" commits.",2024-06-27 06:27:24+00:00,,Targter,,
30113,[DevTools Bug]: 5.2.0 is not available for Firefox,2024-06-27 00:18:49+00:00,2024-07-30 18:31:33+00:00,aphedges,hoxyq,33.75884259259259
30049,[Compiler Bug]:  healthcheck do not check next.js StrictMode,2024-06-23 02:21:47+00:00,,coleea,gsathya,
30041,[React 19] requestFormReset reports TypeError Cannot read properties of null (reading 'queue') on repeated form submissions,2024-06-22 11:14:36+00:00,2025-04-29 17:40:18+00:00,evisong,rickhanlonii,311.2678472222222
29956,[Compiler Bug]: Increment expression in for-loop loses assignment operation,2024-06-19 23:12:56+00:00,2024-06-24 17:49:53+00:00,derekcicerone,josephsavona,4.775659722222223
29915,[React 19] useEffect does not re-fire on hot reload with React 19 and vite,2024-06-16 17:05:39+00:00,,gkiely,,
29905,"[React 19] When multiple components call `use` inside a `Suspense`, it crosses the boundary of `Suspense` and stops rendering of other `Suspense` as well",2024-06-15 08:28:44+00:00,2024-11-19 09:40:29+00:00,yatsuna827,eps1lon,157.0498263888889
29904,"[DevTools Bug] Cannot add node ""1"" because a node with that id is already in the Store.",2024-06-15 03:59:31+00:00,2024-06-15 03:59:42+00:00,leblancr,github-actions[bot],0.0001273148148148148
29900,[Compiler Bug]: Constants or properties named `use*` trigger compiler errors re: hooks,2024-06-14 18:39:33+00:00,,aaronmw,,
29895,"[DevTools Bug]: Open in editor , Path not found error ",2024-06-14 09:22:54+00:00,,a-c-sreedhar-reddy,,
29892,[Compiler Bug]: Compiler incorrectly removes memoization of an expensive operation in useMemo,2024-06-13 20:40:41+00:00,,issacgerges,,
29890,Bug: onPointerDown not called when rendered in 'display: contents' root,2024-06-13 17:45:37+00:00,,V3RON,,
29862,[React 19] Controlled number input does not update defaultValue when value prop has changed,2024-06-11 19:15:35+00:00,,BrendonSled,github-actions[bot],
29854,[React 19] useSyncExternalStore shim might break,2024-06-11 12:48:51+00:00,2024-06-12 18:13:18+00:00,phryneas,eps1lon,1.2253125
29832,[Compiler Bug]: Mutating a ref passed as argument from a hook warns,2024-06-10 15:29:09+00:00,2024-11-13 22:59:07+00:00,oliviertassinari,poteto,156.31247685185184
29788,[DevTools Bug]: Null destructuring error inspecting a component with `useFormStatus`,2024-06-06 19:59:05+00:00,2024-08-01 08:55:55+00:00,markerikson,eps1lon,55.539467592592594
29755,[Compiler Bug]: Runtime error with Higher Order Components,2024-06-04 14:19:13+00:00,,NickBlow,,
29741,[Compiler Bug]: ref passed as prop cant be mutated in effects/events,2024-06-03 20:12:00+00:00,2024-06-07 00:20:06+00:00,gsathya,josephsavona,3.1722916666666667
29724,[DevTools Bug]: CVE-2024-29415 (`ip` dependency),2024-06-03 11:21:16+00:00,2024-06-05 10:17:37+00:00,simioliolio,hoxyq,1.9557986111111112
29703,[React 19] React compiler & eslint plugin giving an error to mutating values in refs that are used in JSX,2024-06-01 11:37:35+00:00,2024-06-07 00:20:19+00:00,adubrouski,josephsavona,5.529675925925926
29677,[Compiler Bug]: healthcheck vs eslint,2024-05-31 05:32:01+00:00,,mbiggs-gresham,,
29674,[Compiler]: Consider the `dispatch` fn from useActionState and useFormState to be non-reactive,2024-05-30 22:32:16+00:00,2024-06-17 19:27:20+00:00,josephsavona,josephsavona,17.871574074074076
29651,[DevTools Bug]: Unable to edit props,2024-05-29 17:03:30+00:00,,alDuncanson,,
29648,[Compiler Bug]: Stripping curly braces breaks character escapes (breaks JSX spec 1.5.1),2024-05-29 16:37:36+00:00,2024-11-13 22:59:54+00:00,coravacav,poteto,168.2654861111111
29647,[DevTools Bug]: devtools does not works on null origin(sandbox),2024-05-29 12:44:16+00:00,,mochiya98,,
29641,[Compiler Bug]: eslint-plugin-react-compiler should not warn again react-native-reanimated sharedValue mutation,2024-05-29 09:20:05+00:00,2024-05-29 09:24:50+00:00,gkueny,gkueny,0.003298611111111111
29640,[Compiler Bug]: react native reanimated shared value mutation,2024-05-29 09:16:03+00:00,,AlirezaHadjar,,
29639,[Compiler Bug]: Health check --src option only works with one file (so a glob needs to be quoted),2024-05-29 08:57:33+00:00,,guillaumebrunerie,,
29604,"[DevTools Bug] Cannot add node ""1"" because a node with that id is already in the Store.",2024-05-28 09:55:35+00:00,2024-05-28 09:55:49+00:00,Darcula666,github-actions[bot],0.00016203703703703703
29588,"[DevTools Bug]: version 5.2.0  icon opien in editor cannot click , color is gray",2024-05-25 03:47:26+00:00,,YingchenWang999,,
29587,[Compiler Bug]: useMemo returns a result that contains a ref that needs to be declared as a dependency,2024-05-25 02:25:13+00:00,2024-11-13 23:00:50+00:00,Y-Hui,poteto,172.85806712962963
29586,[Compiler Bug]: object's get syntax is missing after compilation.,2024-05-25 01:58:51+00:00,2024-05-29 14:45:59+00:00,Y-Hui,josephsavona,4.532731481481481
29585,[React 19] React 19 runs extra effects when elements are reordered,2024-05-25 00:28:02+00:00,,devongovett,,
29583,[Compiler Bug]: Can't handle Dynamic JavaScript Object Keys,2024-05-24 16:33:58+00:00,2024-05-25 00:52:00+00:00,Y-Hui,Y-Hui,0.34585648148148146
29580,[Compiler Bug]: Invalid drop of memoization for string template literals,2024-05-24 15:12:44+00:00,2024-05-24 22:21:51+00:00,kaaboaye,josephsavona,0.2979976851851852
29227,[Compiler Bug]: Usage of `in` operator is reported as a syntax error,2024-05-23 06:00:51+00:00,,emmatown,,
29224,[Compiler Bug]: Can't handle identifiers that refer to both type and value ,2024-05-22 22:28:15+00:00,,eps1lon,,
29202,[Compiler Bug]: Error Invalid hook call,2024-05-21 19:05:46+00:00,2024-05-22 16:35:46+00:00,Facug03,josephsavona,0.8958333333333334
29196,[Compiler Bug]: Mutating a ref returned from a function warns,2024-05-21 12:08:31+00:00,2024-11-13 22:58:43+00:00,atomiks,poteto,176.45152777777778
29195,[Compiler Bug]: A bug with i18n translation after react compiler,2024-05-21 11:57:09+00:00,,YYGod0120,,
29194,[DevTools Bug]: Getting Component Tree from my code,2024-05-21 11:19:48+00:00,2025-02-11 17:30:57+00:00,CH1NRU5T,hoxyq,266.2577430555556
29191,[DevTools Bug]: Icon bug in Edge DevTools,2024-05-21 09:38:19+00:00,,Svish,github-actions[bot],
29174,[Compiler Bug]: Issue with React Hook Form library,2024-05-20 14:41:40+00:00,2024-05-20 15:08:40+00:00,Maxou44,poteto,0.01875
29172,[Compiler Bug]: Values used as indexes are not memoized,2024-05-20 10:21:44+00:00,,guillaumebrunerie,,
29165,[Compiler Bug]: false positive when using hooks in a nested component,2024-05-19 03:57:44+00:00,,NMinhNguyen,,
29164,[DevTools Bug]: Version 5.2 shows incorrect source for all the components,2024-05-19 02:48:48+00:00,,mangonox,,
29161,[Compiler Bug]: Compiler doesn't bail out when reading or writing `ref.current` during a render,2024-05-18 02:26:30+00:00,2024-05-29 16:27:48+00:00,jthemphill,josephsavona,11.58423611111111
29160,[Compiler Bug]: Compiler disagrees with `exhaustive-deps` linter on whether `React.Ref<T>.current` must be in a deps array,2024-05-18 01:22:31+00:00,,jthemphill,,
29144,[Compiler Bug]:  value read during render does not update when using `react-hook-form` `.watch` API,2024-05-17 18:54:58+00:00,2024-05-17 19:35:46+00:00,erikshestopal,erikshestopal,0.028333333333333332
29021,Bug: useId generated the same ID on server-side for 2 different mounted components when Promise/Suspense is involved,2024-05-08 08:54:12+00:00,2024-08-12 08:04:12+00:00,Ang-YC,eps1lon,95.96527777777777
29018,Bug: Incorrect form data when using an image submit button,2024-05-08 00:40:11+00:00,,jenseng,,
28984,[DevTools Bug]: Newline in component key string will look odd in component tree,2024-05-03 14:42:42+00:00,2024-10-09 08:54:35+00:00,ghost,hoxyq,158.75825231481483
28960,"[DevTools Bug]: React 17 error while trying to inspect hooks ""Context reads do not line up with context dependencies.""",2024-04-30 20:09:34+00:00,2024-05-02 20:08:42+00:00,gdeedlerthryv,eps1lon,1.9993981481481482
28923,[React 19] useTransition()'s pending state does not go back to false (revision 94eed63c49-20240425),2024-04-26 12:28:58+00:00,2024-05-31 21:52:48+00:00,alexeyraspopov,acdlite,35.39155092592593
28915,"Bug: React 18.3 warning says to import `act` from `react`, only `unstable_act` exists",2024-04-25 22:21:44+00:00,2024-04-26 17:02:11+00:00,rexxars,acdlite,0.7780902777777777
28903,[DevTools Bug]: After updating to version 5.1 the Dev tools fails to inspect elements,2024-04-24 14:29:52+00:00,2024-04-24 14:30:30+00:00,asafchn,asafchn,0.0004398148148148148
28862,"[DevTools Bug]: I can't see the ""Profiler"" and ""Components"" in my dev tools",2024-04-18 06:12:03+00:00,2024-04-18 20:52:39+00:00,0xLDev,0xLDev,0.6115277777777778
28861,"[DevTools Bug]: I can't see the ""Profiler"" and ""Components"" in my dev tools",2024-04-18 06:09:25+00:00,2024-04-18 06:09:37+00:00,0xLDev,github-actions[bot],0.0001388888888888889
28839,⚠Phishing Website Warning!!! There are phishing website links in the document.,2024-04-15 11:56:03+00:00,2024-04-15 14:37:39+00:00,ouweiya,jackpope,0.11222222222222222
28838,"[DevTools Bug] Could not find node with id ""464"" in commit tree",2024-04-15 08:12:12+00:00,2024-09-23 12:29:28+00:00,rafeulanamudoy,EdmondChuiHW,161.1786574074074
28787,[DevTools Bug]: TypeError: ie.handlePostCommitFiberRoot is not a function,2024-04-09 01:55:40+00:00,,rickhanlonii,,
28777,[DevTools Bug] Children cannot be added or removed during a reorder operation.,2024-04-07 08:30:58+00:00,,amalfrost,,
28767,[DevTools Bug]: Can’t import chrome trace into react devtools,2024-04-05 15:34:48+00:00,,dinkinflickaa,,
28584,[DevTools Bug]: React Profiler reports higher hook numbers than shown in Components,2024-03-19 00:40:07+00:00,,iamakulov,,
28556,Bug: useFormState formAction becomes null in strict mode,2024-03-14 07:30:03+00:00,2024-03-20 15:15:24+00:00,akmtagline,eps1lon,6.323159722222222
28505,Bug: Class component with `defaultProps` not merging props correctly in `componentDidMount`,2024-03-06 09:45:18+00:00,,amitdahan,,
28485,"[DevTools Bug] Cannot remove node ""1455"" because no matching node was found in the Store.",2024-03-04 15:21:28+00:00,2024-03-04 15:21:41+00:00,Rldumdum,github-actions[bot],0.00015046296296296297
28474,[DevTools Bug]: Memory leak when not using the extension,2024-02-29 23:26:36+00:00,2024-03-05 16:41:16+00:00,flaviut,hoxyq,4.718518518518518
28443,[DevTools Bug]: Error: Should have a queue. This is likely a bug in React. Please file an issue.,2024-02-26 13:36:59+00:00,,zinx110,,
28323,[DevTools Bug]: Consistent memory leak when refreshing on React + non-React websites.,2024-02-14 04:18:46+00:00,2024-03-25 13:28:30+00:00,braeden,hoxyq,40.38175925925926
28230,[DevTools Bug]: Big Memory Leak,2024-02-04 01:57:48+00:00,2024-02-05 14:00:36+00:00,Kuinox,gsathya,1.5019444444444445
28107,"[DevTools Bug] Could not find node with id ""24823"" in commit tree",2024-01-26 10:00:32+00:00,2024-01-26 10:00:44+00:00,AlwaysKushal,github-actions[bot],0.0001388888888888889
28081,"The error was thrown at https://ga.jspm.io/npm:react-devtools-core@4.27.2/standalone.js:51:335451     at ee.emit (https://ga.jspm.io/npm:react-devtools-core@4.27.2/standalone.js:51:281929)     at https://ga.jspm.io/npm:react-devtools-core@4.27.2/standalone.js:51:283476     at https://ga.jspm.io/npm:react-devtools-core@4.27.2/standalone.js:51:679409     at Array.forEach (<anonymous>)     at Am.$.onmessage (https://ga.jspm.io/npm:react-devtools-core@4.27.2/standalone.js:51:679392)[DevTools Bug] Cannot add node ""1"" because a node with that id is already in the Store.",2024-01-25 13:47:50+00:00,2024-01-25 13:48:08+00:00,ismailxkhalid,github-actions[bot],0.00020833333333333335
28058,[DevTools Bug]: react-devtools depends on vulnerable versions of electron and got,2024-01-23 12:56:37+00:00,,eikowagenknecht,,
28035,[DevTools Bug]: There is a problem with the scrollbar in https://react.dev/learn/  ,2024-01-21 06:48:34+00:00,2024-01-23 13:20:29+00:00,anuj-pal27,anuj-pal27,2.2721643518518517
27992,[DevTools Bug]: `sayHelloToBackendManager` continuously and pointlessly polls on every page,2024-01-18 21:41:56+00:00,,sneakers-the-rat,,
27989,[DevTools Bug]: Console.log in second call to useMemo callback in strict mode is not dimmed or suppressed,2024-01-18 20:06:13+00:00,2024-02-06 16:45:19+00:00,russelldavis,gsathya,18.86048611111111
27953,[DevTools Bug]: Memory Leak,2024-01-15 22:12:06+00:00,2024-01-15 22:12:18+00:00,KooShnoo,github-actions[bot],0.0001388888888888889
27938,[DevTools Bug]: Source map error: URL: react_devtools_backend_compact.js.map,2024-01-15 13:25:29+00:00,,Et7f3,,
27933,Bug: [React Refresh] Unexpected behavior when adding/removing elements prior to uncontrolled inputs,2024-01-13 07:36:53+00:00,,lawrencecchen,,
27908,[DevTools Bug] Cannot read properties of undefined (reading 'concat'),2024-01-09 10:48:50+00:00,2024-01-11 18:10:53+00:00,Nico-J-Elli,Nico-J-Elli,2.306979166666667
27902,"[DevTools Bug] Cannot add node ""20"" because a node with that id is already in the Store.",2024-01-08 19:24:18+00:00,2024-01-09 13:23:17+00:00,IoannisIntzirtzis,hoxyq,0.7492939814814815
27889,[DevTools Bug]: Hook parsing fails if a hook uses useSyncExternalStore,2024-01-07 05:08:52+00:00,2024-02-22 11:42:53+00:00,jamesbvaughan,hoxyq,46.27362268518519
27875,[DevTools Bug]: Command PhaseScriptExecution failed with a nonzero exit code,2024-01-03 07:15:18+00:00,2024-01-03 11:22:57+00:00,safwanchundakkadan,hoxyq,0.17197916666666666
27872,Bug: `undefined` within props is not faithfully deserialized from RSC payload,2024-01-02 20:13:02+00:00,,lubieowoce,,
27851,[DevTools Bug]: React instrumentation encountered an error: TypeError: e.hasOwnProperty is not a function.,2023-12-20 09:02:13+00:00,2024-06-27 13:29:28+00:00,ghost,hoxyq,190.18559027777778
27834,[DevTools Bug]: _jsxDEV is not a function,2023-12-13 18:28:15+00:00,2024-01-02 13:47:49+00:00,avishihora,hoxyq,19.80525462962963
27832,"[DevTools Bug] Could not find node with id ""155"" in commit tree",2023-12-12 23:10:09+00:00,2023-12-12 23:10:22+00:00,rosaline1995,github-actions[bot],0.00015046296296296297
27822,"[DevTools Bug] Cannot add node ""295"" because a node with that id is already in the Store.",2023-12-09 03:42:50+00:00,2023-12-09 03:43:02+00:00,oftoapp,github-actions[bot],0.0001388888888888889
27791,[DevTools Bug]: Excessive CPU Usage,2023-12-04 21:26:04+00:00,,jscheel,,
27789,"[DevTools Bug]: Console error on Firefox ""moz-extension:*"" pages ",2023-12-04 20:14:44+00:00,2024-12-18 08:03:50+00:00,liponex,liponex,379.49243055555553
27782,[DevTools Bug]: Recent version broke modal in chrome browser,2023-12-04 02:59:38+00:00,2023-12-04 02:59:53+00:00,vaishnavimallikarjun,github-actions[bot],0.00017361111111111112
27780,"[DevTools Bug] Cannot remove node ""434"" because no matching node was found in the Store.",2023-12-03 11:48:56+00:00,2023-12-03 11:49:10+00:00,ranasif20,github-actions[bot],0.00016203703703703703
27764,[DevTools Bug]: Extension breaks PRTG web interface,2023-11-30 14:48:38+00:00,,prplecake,,
27762,[DevTools Bug]: Cannot read properties of undefined (reading 'toLowerCase'),2023-11-30 05:56:38+00:00,,o-star,,
27758,"[DevTools Feature Request]: Full support for RSC server elements (component tree, props, inspect)",2023-11-29 09:17:59+00:00,,jimkyndemeyer,,
27757,"[DevTools Bug] getCommitTree(): Invalid commit ""13"" for root ""1"". There are only ""7"" commits.",2023-11-29 07:57:33+00:00,2023-11-29 07:57:50+00:00,developerpritam,github-actions[bot],0.00019675925925925926
27756,[DevTools Bug]: footer next button hover Ui issues,2023-11-29 05:57:58+00:00,2023-12-05 03:20:59+00:00,sanjeevkumar321,sanjeevkumar321,5.890983796296296
27752,[DevTools Bug]: React devtool is not there in codesandbox,2023-11-28 04:02:42+00:00,2023-12-10 02:51:44+00:00,iamayushdas,iamayushdas,11.950717592592593
27749,[DevTools Bug]: Extension not loading for local files in Electron since 4.27.5,2023-11-27 09:33:31+00:00,,Bartel-C8,,
27728,"[DevTools Bug] Cannot add node ""1590"" because a node with that id is already in the Store.",2023-11-20 07:58:56+00:00,,Tungquantedge,,
27724,[DevTools Bug]: hook parsing fails while using functional component + redux or alternative,2023-11-17 19:44:51+00:00,2025-10-15 02:58:17+00:00,zeroxx1986,hoxyq,697.3009953703704
27705,[DevTools Bug]: Hide logs during second render in Strict Mode not working,2023-11-15 06:18:55+00:00,,incmak,,
27670,Bug: useSyncExternalStore does not schedule update after mutation,2023-11-08 15:52:50+00:00,,bvaughn,,
27578,[DevTools Bug]: React Dev Tools break gstreamer docs,2023-10-25 01:09:57+00:00,2023-10-25 08:25:55+00:00,vitoyucepi,hoxyq,0.3027546296296296
27567,"[DevTools Bug] Could not find node with id ""1011"" in commit tree",2023-10-23 02:53:22+00:00,2023-10-23 02:53:35+00:00,savalemilind6984,github-actions[bot],0.00015046296296296297
27547,"[DevTools Bug] Cannot add node ""1"" because a node with that id is already in the Store.",2023-10-19 10:43:23+00:00,2023-10-19 10:44:21+00:00,amir-sellercloud,hoxyq,0.0006712962962962962
27391,Bug: missing button data in form when submitted via `formAction`,2023-09-18 20:36:14+00:00,2024-05-02 11:06:29+00:00,mattcarrollcode,eps1lon,226.60434027777777
27335,Bug: eslint-plugin-react-hooks: Incorrect dependency requirement when using `typeof` on nested data structures,2023-09-05 12:53:45+00:00,,jwueller,,
27285,"[DevTools Bug] Cannot add node ""1"" because a node with that id is already in the Store.",2023-08-26 06:33:37+00:00,2023-08-26 06:33:49+00:00,kwkau,github-actions[bot],0.0001388888888888889
27244,[DevTools Bug]: TypeError: Cannot read properties of undefined (reading 'forEach'),2023-08-18 06:09:09+00:00,2024-06-27 13:23:09+00:00,nandkishorakangire,hoxyq,314.3013888888889
27211,[DevTools Bug]: react-hooks/rules-of-hooks does not report error for function starting with _,2023-08-10 21:49:58+00:00,,Hirse,,
27193,[DevTools Bug]:  Devtool extension build failing in windows and ubuntu,2023-08-05 08:23:33+00:00,2023-11-16 11:36:17+00:00,Biki-das,hoxyq,103.13384259259259
27186,"[DevTools Bug] Node ""24"" was removed before its children.",2023-08-04 06:23:24+00:00,2025-10-12 13:02:03+00:00,anmol-fzr,eps1lon,800.2768402777778
27185,"[DevTools Bug] Cannot add node ""1"" because a node with that id is already in the Store.",2023-08-03 20:36:23+00:00,,ansharah-gs,,
27177,Bug: [18.3.0-canary] renderToString hoists some tags to top(working in 18.2),2023-08-02 02:26:00+00:00,2023-08-22 17:54:34+00:00,Thiry1,gnoff,20.644837962962963
27163,[DevTools Bug]: Devtools extension build failing in windows and ubuntu ,2023-07-28 05:16:12+00:00,2023-07-28 05:16:24+00:00,Biki-das,github-actions[bot],0.0001388888888888889
27158,"[DevTools Bug]: shows ""This page doesn't appear to be using React"" for every react website on Firefox 115.0.2",2023-07-27 06:49:02+00:00,,anvesh-vanam,github-actions[bot],
27128,Bug: undefined behavior with input checkbox onChange not triggered,2023-07-19 12:10:45+00:00,,Its-Just-Nans,,
27121,"[DevTools Bug] Cannot add node ""1"" because a node with that id is already in the Store.",2023-07-18 13:14:35+00:00,2025-10-12 13:05:09+00:00,amrsmind,eps1lon,816.9934490740741
27119,[DevTools Bug]: Chrome extension gets disconnected from the page after 30sec of inactivity,2023-07-17 22:43:05+00:00,2023-08-29 11:09:28+00:00,jimousse,hoxyq,42.51832175925926
27112,[DevTools Bug]: Deprecated __REACT_DEVTOOLS_GLOBAL_HOOK__ ????,2023-07-13 21:58:31+00:00,2023-08-01 11:11:45+00:00,morahgeist,hoxyq,18.550856481481482
27111,[DevTools Bug]: Deprecated __REACT_DEVTOOLS_GLOBAL_HOOK__ ????,2023-07-13 19:01:47+00:00,2023-07-13 19:02:02+00:00,morahgeist,github-actions[bot],0.00017361111111111112
27025,"[DevTools Bug]: Excessive memory usage, even when not in use (Firefox)",2023-06-29 23:13:56+00:00,,kahveciderin,,
27021,[DevTools Bug]: Update highlights crash often,2023-06-28 08:04:02+00:00,,chamerling,,
26944,"[DevTools Bug] Cannot remove node ""0"" because no matching node was found in the Store.",2023-06-14 02:31:20+00:00,2023-06-14 02:31:34+00:00,DeanLXY,github-actions[bot],0.00016203703703703703
26928,[DevTools Bug]: Timeline UI isn't being rendered (black screen),2023-06-12 15:59:02+00:00,,kamranayub,,
26911,"[DevTools Bug]: React devtools stuck at Loading React Element Tree, troubleshooting instructions are Chrome-specific",2023-06-07 17:26:43+00:00,2023-08-29 09:40:04+00:00,ialexryan,hoxyq,82.6759375
26903,[DevTools Bug]: Flame graph entries overlapping,2023-06-05 15:18:44+00:00,,OliverJAsh,,
26895,"[DevTools Bug] Cannot remove node ""103"" because no matching node was found in the Store.",2023-06-03 11:29:44+00:00,2023-06-03 11:29:58+00:00,dev-aliGoodarzi,github-actions[bot],0.00016203703703703703
26886,Bug: Inconsistent behavior with Promises near the root,2023-06-01 15:25:07+00:00,,gaearon,,
26876,Bug: Radio button onChange not called in current React Canary,2023-05-31 15:17:41+00:00,2023-09-21 04:57:11+00:00,robrichard,sophiebits,112.56909722222223
26860,"[DevTools Bug]: App not recognized in Firefox, but works in Chrome",2023-05-26 12:03:19+00:00,2023-08-04 07:42:43+00:00,Azeirah,Azeirah,69.81902777777778
26821,[DevTools Bug]: Strict mode badge points to the old docs,2023-05-16 18:27:09+00:00,2023-05-17 12:34:36+00:00,radchukd,hoxyq,0.7551736111111111
26797,[DevTools Bug]: Using different React instances across multiple frames throws errors,2023-05-09 15:33:15+00:00,2023-05-15 13:12:07+00:00,Mesoptier,Mesoptier,5.90199074074074
26794,[DevTools Bug]: Regression - profiling doesn't store props value ,2023-05-08 16:35:24+00:00,2023-05-08 18:02:52+00:00,OskarKaminski,OskarKaminski,0.06074074074074074
26793,"[DevTools Bug] Cannot remove node ""226752"" because no matching node was found in the Store.",2023-05-08 06:59:51+00:00,2023-08-03 19:02:20+00:00,jayavel-testsigma,hoxyq,87.50172453703703
26787,"[DevTools Bug] Cannot add node ""1751"" because a node with that id is already in the Store.",2023-05-06 23:03:50+00:00,2023-05-17 10:40:52+00:00,regosen,hoxyq,10.484050925925926
26759,"[DevTools Bug] Cannot remove node ""197"" because no matching node was found in the Store.",2023-05-02 13:23:54+00:00,2023-05-02 13:24:08+00:00,indiamaris,github-actions[bot],0.00016203703703703703
26758,"[DevTools Bug] Commit tree already contains fiber ""3289"". This is a bug in React DevTools.",2023-05-02 12:21:37+00:00,,pankajsoni91,,
26756,[DevTools Bug]: React pages not being detected as using React in Incognito mode,2023-05-02 03:53:41+00:00,2023-05-03 16:27:41+00:00,RichDom2185,hoxyq,1.523611111111111
26723,[DevTools Bug]: Unable to build the extension locally,2023-04-25 04:16:47+00:00,2023-04-25 04:17:01+00:00,Biki-das,github-actions[bot],0.00016203703703703703
26709,[DevTools Bug]: components tree not loaded in Microsoft Edge,2023-04-24 07:00:55+00:00,2023-04-24 16:56:08+00:00,HadarZ,hoxyq,0.4133449074074074
26697,"[DevTools Bug]: can not build react devtools for local development, instructions lead to error",2023-04-21 21:27:01+00:00,2023-04-25 20:56:46+00:00,yanlingwang23,rubennorte,3.9789930555555557
26670,Bug: `useInsertionEffect()` cleanup function does not fire if a component is wrapped in React.lazy,2023-04-19 09:57:00+00:00,2024-09-17 18:01:17+00:00,JonnyBurger,facebook-github-bot,517.3363078703703
26612,Bug: Suspense should hide Portals deeper in the tree,2023-04-12 17:25:07+00:00,,gaearon,,
26565,"[DevTools Bug] Cannot add node ""108084"" because a node with that id is already in the Store.",2023-04-07 09:03:43+00:00,2023-04-07 09:03:58+00:00,Fox112345,github-actions[bot],0.00017361111111111112
26556,"[DevTools Bug] Could not find node with id ""364"" in commit tree",2023-04-05 14:03:28+00:00,2023-04-05 14:03:44+00:00,ismailios,github-actions[bot],0.00018518518518518518
26548,[DevTools Bug]: DevTools settings are not being saved in the Edge browser,2023-04-04 12:09:08+00:00,2023-04-13 06:48:24+00:00,matspiewak,matspiewak,8.777268518518518
26500,[DevTools Bug]: copy operations don't work in Chrome,2023-03-28 19:02:59+00:00,2023-04-12 15:12:06+00:00,aynp,hoxyq,14.839664351851852
26465,"[DevTools Bug] Cannot add child ""1161"" to parent ""942"" because parent node was not found in the Store.",2023-03-23 07:36:11+00:00,,bhanuUdai,,
26462,[DevTools Bug]: 'Unable to find React on the page' in incognito on Firefox,2023-03-22 18:12:35+00:00,2023-03-28 20:47:28+00:00,MaxLeiter,MaxLeiter,6.10755787037037
26417,[DevTools Bug]: ,2023-03-17 16:54:47+00:00,2023-03-17 16:55:01+00:00,SamarthKadam,github-actions[bot],0.00016203703703703703
26386,"[DevTools Bug] Cannot add node ""8891"" because a node with that id is already in the Store.",2023-03-14 19:55:26+00:00,2023-03-14 19:55:44+00:00,kaplanmichael,github-actions[bot],0.00020833333333333335
26385,Bug: Component is not a function when using Suspense and forwardRef,2023-03-14 14:03:16+00:00,2023-04-02 22:48:30+00:00,hansottowirtz,acdlite,19.364745370370372
26340,"[DevTools Bug] Cannot add node ""621"" because a node with that id is already in the Store.",2023-03-08 13:15:00+00:00,,iprinceroyy,,
26295,Bug: Error occurs when returning empty fragment '<></>' on a page,2023-03-03 19:05:34+00:00,2023-04-16 09:49:52+00:00,Willienn,eps1lon,43.61409722222222
26226,Bug: Nested useTransition makes isPending of outer one always false,2023-02-24 04:32:07+00:00,2023-03-16 01:10:54+00:00,gaearon,sophiebits,19.860266203703702
26221,why not?[DevTools Bug]: ,2023-02-23 04:42:56+00:00,2023-02-24 15:31:47+00:00,fengjiewen1997,mondaychen,1.4505902777777777
26178,"[DevTools Bug] Cannot add node ""792"" because a node with that id is already in the Store.",2023-02-16 13:31:28+00:00,2023-02-16 13:31:43+00:00,kipetaflorian,github-actions[bot],0.00017361111111111112
26149,Unable to establish connection with the sandpack bundler.[DevTools Bug]: ,2023-02-10 17:36:03+00:00,2023-02-24 03:07:00+00:00,Yi-19,gaearon,13.396493055555556
26128,Bug(@next): legacy `ReactDOM.render` crashes when rendering into `document` container,2023-02-08 15:00:05+00:00,2023-02-09 12:35:25+00:00,eps1lon,eps1lon,0.899537037037037
26102,[DevTools Bug]: React Dev Tools breaks craigslist?,2023-02-03 16:17:32+00:00,2023-02-08 16:31:58+00:00,ericandrewlewis,mondaychen,5.010023148148148
26095,Bug: useSyncExternalStore will cause hydration missmatch in `StrictMode` if `serverSnapshot` is different from `snapshot`,2023-02-02 08:53:46+00:00,2023-05-12 21:18:05+00:00,promer94,sophiebits,99.51688657407408
26077,[DevTools Bug]: Expected static flag was missing,2023-01-30 03:38:53+00:00,2023-01-30 05:23:09+00:00,contrick64,contrick64,0.0724074074074074
26069,Bug: Memory leak in react while focusing input elements,2023-01-27 23:38:32+00:00,,Elwazer007,github-actions[bot],
26052,[DevTools Bug]: event.metaKey + f to focus SearchInput doesn't work on Windows,2023-01-26 04:46:27+00:00,,kamranayub,,
26051,"[DevTools Bug]: Can not work on devtools, instructions lead to error",2023-01-26 00:43:30+00:00,2023-01-27 20:35:08+00:00,sroussey,mondaychen,1.8275231481481482
26045,"ERROR TypeError: Cannot read property 'createElement' of undefined, js engine: hermes",2023-01-25 11:39:56+00:00,2023-04-09 08:07:35+00:00,98rahul,eps1lon,73.85253472222222
26042," ERROR  TypeError: Cannot read property 'createElement' of undefined, js engine: hermes",2023-01-25 07:31:53+00:00,2023-03-01 20:15:13+00:00,98rahul,ryancat,35.530092592592595
26024,[DevTools Bug]: This page doesn't appear to be using react,2023-01-19 23:00:02+00:00,2023-01-23 17:52:12+00:00,Archimagus,Archimagus,3.786226851851852
26022,[DevTools Bug]: Cannot read properties of undefined (reading 'displayName') at getWrappedDisplayName,2023-01-19 15:35:41+00:00,,cherryshoe,,
26009,"[DevTools Bug] Commit tree does not contain fiber ""4543"". This is a bug in React DevTools.",2023-01-17 12:36:08+00:00,,dmaretskyi,,
25986,"[DevTools Bug] Cannot remove node ""0"" because no matching node was found in the Store.",2023-01-11 16:52:42+00:00,2023-01-11 16:52:58+00:00,SorokinIG,github-actions[bot],0.00018518518518518518
25964,Bug: Suspense | client component should have a queue,2023-01-05 08:46:14+00:00,2023-02-24 20:06:29+00:00,xiel,sophiebits,50.47239583333333
25950,[DevTools Bug]: s,2022-12-30 16:55:49+00:00,2022-12-30 16:56:03+00:00,javadgt,github-actions[bot],0.00016203703703703703
25928,Bug: SSR of malformed? `meta` renders nothing(working in 18.2),2022-12-23 10:05:15+00:00,,eps1lon,,
25897,[DevTools Bug]: The extension brokes some JavaScripts - React is not used.,2022-12-16 16:09:56+00:00,2023-01-11 22:13:13+00:00,lyrixx,mondaychen,26.252280092592592
25886,Bug: Rendering <Suspense> outside <body> should error,2022-12-15 02:09:43+00:00,,gaearon,,
25884,"[DevTools Bug] Cannot remove node ""XX"" because no matching node was found in the Store.",2022-12-14 15:57:37+00:00,,baptistemanson,,
25882,[DevTools Bug]: Labels are cut off on Firefox on Ubuntu 22.04,2022-12-13 21:44:57+00:00,,iprotoni,,
25879,[DevTools Bug]: Too Much Recursion - Firefox & Appsync,2022-12-13 11:39:55+00:00,2023-03-10 16:25:44+00:00,ReidCampbell,ReidCampbell,87.1984837962963
25874,[DevTools Bug]: Unsupported hook in the react-debug-tools package: Missing method in Dispatcher: origHooks,2022-12-12 11:58:23+00:00,2025-02-11 17:34:33+00:00,IvanBuljovcic,hoxyq,792.2334490740741
25872,"[DevTools Bug] Element ""1307"" not found",2022-12-11 20:37:37+00:00,2023-01-19 01:30:00+00:00,hanzlahabib,mondaychen,38.20304398148148
25870,"[DevTools Bug] Element ""5"" not found",2022-12-11 00:02:00+00:00,2022-12-11 00:02:14+00:00,zubyCharles,github-actions[bot],0.00016203703703703703
25858,"[DevTools Bug] Cannot add node ""1"" because a node with that id is already in the Store.",2022-12-09 00:22:26+00:00,2022-12-09 00:22:40+00:00,kmarkWorkStream,github-actions[bot],0.00016203703703703703
25843,[DevTools Bug]: Electron support broken in 4.27,2022-12-07 13:16:17+00:00,,Kilian,github-actions[bot],
25833,"[DevTools Bug] Element ""15"" not found",2022-12-06 22:06:00+00:00,,msantiago0893,,
25819,"[DevTools Bug] Element ""65"" not found",2022-12-06 11:31:26+00:00,2022-12-06 11:31:55+00:00,InfinityScripter,InfinityScripter,0.0003356481481481481
25813,Bug: use() causes nested Suspense boundaries to not reveal ,2022-12-06 00:35:54+00:00,2023-02-24 03:48:46+00:00,gaearon,gaearon,80.13393518518518
25808,"[DevTools Bug] Element ""24"" not found",2022-12-05 15:47:21+00:00,2022-12-05 15:47:37+00:00,EndyPlus,github-actions[bot],0.00018518518518518518
25807,"[DevTools Bug] Element ""51"" not found",2022-12-05 11:14:05+00:00,2022-12-05 11:14:19+00:00,raghupviyer,github-actions[bot],0.00016203703703703703
25806,[DevTools Bug]: Components Tab does not show up,2022-12-05 10:48:01+00:00,2023-03-03 19:07:12+00:00,antonisprovidakis,mondaychen,88.3466550925926
25804,"[DevTools Bug] Element ""744"" not found",2022-12-05 07:33:55+00:00,2022-12-07 21:32:59+00:00,chicori3,mondaychen,2.582685185185185
25800,"[DevTools Bug] Element ""35"" not found",2022-12-04 16:36:01+00:00,2022-12-04 16:36:16+00:00,Madhvik-Bhalani,github-actions[bot],0.00017361111111111112
25799,"[DevTools Bug] Cannot remove node ""0"" because no matching node was found in the Store.",2022-12-04 14:37:52+00:00,2022-12-04 14:38:07+00:00,ritikjain2190,github-actions[bot],0.00017361111111111112
25797,"[DevTools Bug] Element ""7"" not found",2022-12-04 06:45:46+00:00,2022-12-07 21:33:12+00:00,mustafa-mahmud,mondaychen,3.616273148148148
25796,"[DevTools Bug] Element ""12"" not found",2022-12-04 04:50:33+00:00,2022-12-04 04:50:48+00:00,PSoteropulos,github-actions[bot],0.00017361111111111112
25792,"[DevTools Bug] Element ""717"" not found",2022-12-02 23:53:37+00:00,2022-12-02 23:53:51+00:00,HuskyTobbi,github-actions[bot],0.00016203703703703703
25785,"[DevTools Bug] Element ""3"" not found",2022-12-02 11:52:24+00:00,2022-12-07 21:33:22+00:00,BlakeMack,mondaychen,5.403449074074074
25784,"[DevTools Bug] Element ""34"" not found",2022-12-02 09:38:22+00:00,2022-12-02 09:38:35+00:00,sachaakiba,github-actions[bot],0.00015046296296296297
25769,"[DevTools Bug] Element ""9"" not found | Also ""Element ""10"" not found"" / ""Element ""12"" not found""...",2022-12-01 18:35:20+00:00,2022-12-07 14:46:59+00:00,arbocobra,mondaychen,5.841423611111111
25766,"[DevTools Bug] Element ""6"" not found",2022-12-01 15:31:57+00:00,2022-12-01 15:32:14+00:00,oxygenfront,github-actions[bot],0.00019675925925925926
25761,"[DevTools Bug] Element ""20"" not found",2022-12-01 05:41:21+00:00,2022-12-01 05:41:36+00:00,CoreyMcCoy,github-actions[bot],0.00017361111111111112
25759,"[DevTools Bug] Element ""21"" not found",2022-12-01 04:52:51+00:00,2022-12-01 04:53:06+00:00,devrenatonavarro,github-actions[bot],0.00017361111111111112
25755,"[DevTools Bug] Element ""41"" not found",2022-12-01 01:49:52+00:00,2022-12-08 01:11:33+00:00,Afrokk,mondaychen,6.973391203703704
25733,[DevTools Bug]: configure by add webpack entry in document doesn't work,2022-11-23 19:42:45+00:00,,tjx666,,
25719,"Adding useEffect in HMR causes ""Expected static flag was missing""",2022-11-21 16:13:39+00:00,,sebmarkbage,,
25667,[DevTools Bug]: react-devtools depends on vulnerable version of electron,2022-11-11 12:15:45+00:00,2023-03-08 03:31:56+00:00,slobo80,mondaychen,116.63623842592592
25613,"[DevTools Bug] Cannot add node ""47"" because a node with that id is already in the Store.",2022-11-02 15:46:40+00:00,2022-11-02 15:46:52+00:00,huvber,github-actions[bot],0.0001388888888888889
25564,[DevTools Bug]: Not seeing source / file path,2022-10-25 19:39:07+00:00,,jschuler,github-actions[bot],
25497,"[DevTools Bug] Could not find ID for Fiber ""MiddleSectionContainer""",2022-10-17 08:20:47+00:00,2022-10-17 08:21:02+00:00,yan2441,github-actions[bot],0.00017361111111111112
25487,"[DevTools Bug] Cannot add node ""1"" because a node with that id is already in the Store.",2022-10-16 08:35:57+00:00,2022-12-07 21:39:18+00:00,baqarmangrani,mondaychen,52.54399305555555
25447,"[DevTools Bug]: Warnings are too ""loud"", mislabeled and make console difficult to use",2022-10-07 20:28:41+00:00,,Sequoia,,
25439,"[DevTools Bug] Cannot add node ""5370"" because a node with that id is already in the Store.",2022-10-06 05:33:48+00:00,2022-10-06 05:34:02+00:00,YuvarajPandiyan,github-actions[bot],0.00016203703703703703
25427,[DevTools Bug]: Hook parsing failed for default Next.js configuration,2022-10-05 09:00:01+00:00,,rossng,,
25415,"[DevTools Bug]: ""Message length exceeded maximum allowed length"" when profiling a complex application",2022-10-04 15:31:21+00:00,,joshkel,,
25367,[DevTools Bug]: DevTools causes hook callback behavior inconstency,2022-09-30 15:42:26+00:00,,nhusher,,
25262,[DevTools Bug]: Labels are cut off on Firefox on Linux (Fedora 36),2022-09-14 07:38:20+00:00,,josefvn,github-actions[bot],
25234,[DevTools Bug]: react-devtools standalone launching and quitting after 2 seconds with no errors on Ubuntu 22.04,2022-09-11 10:20:47+00:00,2022-09-13 18:24:58+00:00,tomatic,lunaruan,2.336238425925926
25228,[DevTools Bug]: React extension tab in Edge DevTools doesn't have emoji prefix in title.,2022-09-09 22:42:43+00:00,2022-09-14 17:51:43+00:00,yanlingwang23,lunaruan,4.797916666666667
25195,[DevTools Bug] Cannot read properties of undefined (reading 'isCollapsed'),2022-09-06 20:59:52+00:00,2022-09-06 21:00:06+00:00,alissonally,github-actions[bot],0.00016203703703703703
25187,[DevTools Bug]: DevTools shouldn't skip over keyed Fragments in the tree,2022-09-05 03:06:52+00:00,2022-09-07 17:21:31+00:00,gaearon,lunaruan,2.5935069444444445
25180,Bug: useReducer bail-out w/ useEffect + Suspense causes infinite loop (StrictMode error with next/experimental builds),2022-09-03 02:10:05+00:00,2022-09-09 20:22:35+00:00,dai-shi,sammy-SC,6.758680555555555
25178,[DevTools Bug]: useSyncExternalStore adds 1 to subsequent hook's number in Profiler,2022-09-02 21:14:12+00:00,,AlexTalis,lunaruan,
25149,Bug: react-hooks/exhaustive-deps false positive when use function with generic type variable in useEffect,2022-08-27 04:07:01+00:00,,RThong,,
25129,Bug: out of order application of useState changes,2022-08-23 10:14:02+00:00,2023-02-24 07:07:24+00:00,zuozp8,sophiebits,184.8703935185185
25090,"[DevTools Bug] Cannot add node ""1"" because a node with that id is already in the Store.",2022-08-12 09:17:28+00:00,2022-08-12 09:17:43+00:00,minhdung110,github-actions[bot],0.00017361111111111112
25081,"[DevTools Bug] Cannot add node ""7448"" because a node with that id is already in the Store.",2022-08-11 13:08:10+00:00,2022-08-17 21:11:20+00:00,amirmalekian,lunaruan,6.335532407407407
25062,"[DevTools Bug] Cannot add node ""1"" because a node with that id is already in the Store.",2022-08-08 08:11:43+00:00,2022-09-06 23:07:34+00:00,cardenasmh-itg,lunaruan,29.622118055555557
25038,Bug: hydration mismatch in top component does not cause client-render fallback,2022-08-04 06:35:26+00:00,,shiba-codes,,
25033,ReactDevTools extension doesn't work in private Firefox windows [DevTools Bug]: ,2022-08-03 08:42:51+00:00,,ndejoma,,
25007,[DevTools Bug] Children cannot be added or removed during a reorder operation.,2022-07-29 12:33:34+00:00,,HamaydaGabsi,HamaydaGabsi,
24996,"[DevTools Bug]: ""open in editor"" not working for vscode remote files",2022-07-27 06:25:25+00:00,2022-07-27 06:25:42+00:00,Linrstudio,github-actions[bot],0.00019675925925925926
24980,"[DevTools Bug]: ""Hook parsing failed"" Components tab",2022-07-24 12:53:21+00:00,2022-08-17 20:17:37+00:00,adrian19hub,lunaruan,24.308518518518518
24965,[DevTools Bug]: window.bundle.js:2 TypeError: Cannot read properties of undefined (reading 'action'),2022-07-20 15:32:03+00:00,2022-07-21 00:55:08+00:00,orangeswim,orangeswim,0.3910300925925926
24949,"[DevTools Bug] Cannot remove node ""20025"" because no matching node was found in the Store.",2022-07-18 06:27:41+00:00,2022-09-06 23:03:43+00:00,vivek-nrt,lunaruan,50.691689814814815
24932,"[DevTools Bug] Could not inspect element with id ""69""",2022-07-15 06:54:26+00:00,2022-07-27 12:31:40+00:00,wael-fadlallah,wael-fadlallah,12.234189814814815
24874,"[DevTools Bug] Cannot remove node ""1390"" because no matching node was found in the Store.",2022-07-07 20:18:39+00:00,2022-07-12 21:41:25+00:00,OfficielSalah,mondaychen,5.057476851851852
24870,"[DevTools Bug] Cannot remove node ""0"" because no matching node was found in the Store.",2022-07-07 17:02:35+00:00,2022-07-12 21:35:59+00:00,Mass812,mondaychen,5.189861111111111
24864,Possible Suspense bug,2022-07-06 23:05:13+00:00,2022-07-08 12:13:29+00:00,bvaughn,bvaughn,1.5474074074074073
24844,[DevTools Bug]: Uncaught TypeError: hook.sub is not a function,2022-07-05 03:46:47+00:00,2022-07-08 08:36:50+00:00,liucan233,liucan233,3.201423611111111
24818,"[DevTools Bug] Cannot remove node ""0"" because no matching node was found in the Store.",2022-06-30 06:01:54+00:00,2022-07-05 14:15:43+00:00,nitish24p,lunaruan,5.342928240740741
24807,"[DevTools Bug] Cannot remove node ""25"" because no matching node was found in the Store.",2022-06-29 02:11:00+00:00,2022-06-29 02:11:19+00:00,rubenruvalcabac,github-actions[bot],0.0002199074074074074
24791,Bug: eslint-plugin-react-hooks false positive conditional call after foreach,2022-06-26 11:54:31+00:00,,Newbie012,,
24781,[DevTools Bug]: Selecting/deselecting boolean from DevTools Component props causing loss of class functions,2022-06-23 17:43:19+00:00,2023-04-03 10:32:19+00:00,a-gehlot,hoxyq,283.7006944444444
24740,Bug: `hidden` attribute does not accept string values,2022-06-16 17:25:12+00:00,,jantimon,,
24731,[DevTools Bug]: Open in editor does not work on Firefox,2022-06-15 16:17:24+00:00,,lwkchan,,
24690,[DevTools Bug]: devtool show every page use `React`,2022-06-08 13:57:18+00:00,2022-06-08 14:19:03+00:00,susiwen8,susiwen8,0.015104166666666667
24687,"[DevTools Bug] Cannot remove node ""1168"" because no matching node was found in the Store.",2022-06-07 23:04:48+00:00,2022-06-07 23:05:04+00:00,jose2325x,github-actions[bot],0.00018518518518518518
24682,"[DevTools Bug]: With yarn@3.2.1 and PnP and react-devtools@4.24.7, `yarn react-devtools` fails to start",2022-06-07 13:55:22+00:00,2024-06-19 19:34:33+00:00,wegry,wegry,743.2355439814814
24674,[DevTools Bug]: Warning: Internal React error: Expected static flag was missing. Please notify the React team.,2022-06-05 03:26:15+00:00,2022-06-05 05:48:45+00:00,alejozarate,alejozarate,0.09895833333333333
24655,"[DevTools Bug] Commit tree already contains fiber ""15"". This is a bug in React DevTools.",2022-06-01 23:32:17+00:00,,msanmaz,,
24634,Bug: Potential infinite loop with Suspense (and Error boundaries not triggered),2022-05-28 19:25:52+00:00,,bvaughn,,
24626,[DevTools Bug]: Component tree panel becomes unresponsive after clicking on a few components,2022-05-26 22:56:27+00:00,2022-06-02 20:02:49+00:00,Aaron-Ennis,mondaychen,6.879421296296297
24623,"[DevTools Bug] When inspecting, hook values after `useDeferredValue` are offset",2022-05-26 02:08:32+00:00,2022-06-17 18:43:10+00:00,Alduino,mondaychen,22.69071759259259
24608,"[DevTools Bug] Cannot remove node ""276"" because no matching node was found in the Store.",2022-05-24 10:54:44+00:00,2025-10-12 13:05:42+00:00,Mancunia,eps1lon,1237.0909490740742
24603,"[DevTools Bug]: ""Reload and profile"" aways disabled on Timeline tab",2022-05-23 20:29:50+00:00,2022-06-10 14:38:33+00:00,gaearon,mondaychen,17.75605324074074
24600,[DevTools Bug]: Overlapping flamecharts in Profiler,2022-05-23 18:43:13+00:00,,gaearon,,
24592,Bug: renderToPipeableStream and renderToStaticNodeStream render inconsistency,2022-05-22 03:31:38+00:00,,im6,,
24581,"[DevTools Bug] Cannot add node ""1"" because a node with that id is already in the Store.",2022-05-19 06:17:14+00:00,2022-05-19 06:17:36+00:00,TrieuLee,github-actions[bot],0.0002546296296296296
24560,"Bug:  When hydrate <Suspense>, it shows loading forever.",2022-05-15 03:32:07+00:00,,nguyenvanthanh97,,
24559,"[DevTools Bug] Cannot add node ""1"" because a node with that id is already in the Store.",2022-05-14 15:57:43+00:00,2022-05-14 21:35:24+00:00,danbart909,danbart909,0.23450231481481482
24549,[DevTools Bug]: Chrome Devtools missing from Chrome extensions Webstore - 404 response,2022-05-12 18:21:01+00:00,2022-05-13 13:22:44+00:00,minaelee,mondaychen,0.7928587962962963
24548,[DevTools Bug]: console.log() crashes the app,2022-05-12 16:28:24+00:00,2022-05-12 16:30:08+00:00,kyrylolvov,kyrylolvov,0.0012037037037037038
24543,[DevTools Bug]: console.log crashes when I enable DevTools on Chrome,2022-05-12 09:55:13+00:00,2022-05-12 14:29:36+00:00,coolwind0202,mondaychen,0.1905439814814815
24539,"[DevTools Bug]: When inspecting with DevTools, it fails to select correct react component when there are multiple react-dom instances in the application",2022-05-11 10:41:10+00:00,2022-06-08 20:01:07+00:00,danielkutt,mondaychen,28.38885416666667
24538,[DevTools Bug]: Component shown twice in flame graph when using React.memo,2022-05-11 08:52:21+00:00,2023-03-28 15:35:11+00:00,MTxx87,mondaychen,321.2797453703704
24511,[DevTools Bug]: I believe that UI and UX from React DevTools is a big bug,2022-05-07 00:26:58+00:00,2022-05-08 00:47:51+00:00,ComaBerenices,bvaughn,1.014502314814815
24469,Bug: `<select size value>` with `value` not matching any `option` results in first option being selected,2022-04-29 14:22:45+00:00,,eps1lon,,
24458,Bug: setState is not flushed if an iframe is added in the same tick in Safari,2022-04-28 14:39:31+00:00,2022-05-12 16:58:18+00:00,kh-viewar,gaearon,14.096377314814815
24441,"[DevTools Bug]: TreeContext error: Can't access property ""id"" in undefined",2022-04-26 14:07:21+00:00,2022-05-05 15:46:57+00:00,bvaughn,bvaughn,9.069166666666666
24437,"[DevTools Bug] Cannot add node ""1"" because a node with that id is already in the Store.",2022-04-25 19:40:15+00:00,2022-09-28 08:00:37+00:00,edapess,edapess,155.51414351851852
24428,"[DevTools Bug]: forwardRef components not marked as ""rendered"" if context changed",2022-04-23 16:38:15+00:00,2022-05-04 20:25:28+00:00,eps1lon,lunaruan,11.157789351851852
24418,[DevTools Bug]: Error in event handler: Error: Attempting to use a disconnected port object,2022-04-21 14:08:39+00:00,2022-04-21 14:08:59+00:00,himankpathak,himankpathak,0.0002314814814814815
24417,[DevTools Bug]: Error in event handler: Error: Attempting to use a disconnected port object,2022-04-21 14:05:31+00:00,,himankpathak,lunaruan,
24391,Bug: Internal React error: Expected static flag was missing,2022-04-17 08:53:53+00:00,,Developer-Nijat,,
24384,"Bug: Incorrect Hydration Mismatch Detection during Suspense - ""Hydration failed because the initial UI does not match what was rendered on the server.""",2022-04-15 16:28:29+00:00,2022-05-03 19:31:17+00:00,xiel,xiel,18.126944444444444
24370,"[DevTools Bug] Cannot add child ""foo"" to parent ""bar"" because parent node was not found in the Store.",2022-04-13 19:42:01+00:00,2022-04-14 17:32:22+00:00,abybaddi009,abybaddi009,0.9099652777777778
24350,Bug: Some transition updates haven't been rendered,2022-04-12 15:27:31+00:00,2022-04-12 19:39:00+00:00,zh-lx,acdlite,0.1746412037037037
24302,Console dimming on second StrictMode render forces string cast,2022-04-07 20:49:39+00:00,2022-04-14 16:30:04+00:00,billyjanitsch,lunaruan,6.819733796296297
24280,Bug: componentWillUnmount is called twice,2022-04-05 14:21:22+00:00,2022-04-11 22:47:46+00:00,mgomulak,gaearon,6.351666666666667
24279,Bug: [eslint-plugin-exhaustive-deps] hook wrongly marked as conditional (at exact number of conditionals in FC),2022-04-05 13:03:48+00:00,2022-04-07 23:22:47+00:00,SanderRonde,gaearon,2.429849537037037
24270,Bug: `suppressHydrationWarning` is not taken into account in production builds in React 18,2022-04-04 00:59:24+00:00,2022-04-04 15:23:59+00:00,nbouvrette,gaearon,0.6004050925925926
24268,Bug: [eslint-plugin-exhaustive-deps] can't find unstable value.,2022-04-03 15:14:27+00:00,2022-04-11 20:43:16+00:00,geewoo94,gaearon,8.228344907407408
24267,"[DevTools Bug] Cannot add child ""2"" to parent ""1"" because parent node was not found in the Store.",2022-04-03 15:03:00+00:00,2022-04-06 09:39:43+00:00,Sam-Apostel,Sam-Apostel,2.775497685185185
24221,React DOM UMD always warns in React 18,2022-03-30 17:31:05+00:00,2022-04-05 01:56:35+00:00,gaearon,gaearon,5.351041666666666
24215,"NPM ""version"" export format changed (now includes SHA and date)",2022-03-30 15:10:06+00:00,2022-04-27 19:10:26+00:00,webcarrot,gaearon,28.16689814814815
24203,Bug: No warning on infinite useEffect loop in React 18,2022-03-29 23:03:55+00:00,2022-04-07 17:06:35+00:00,gaearon,gaearon,8.751851851851852
24182,[DevTools Bug]: useEffect hook incorrectly labelled as reason for component rendering,2022-03-27 21:59:08+00:00,2022-03-29 15:16:39+00:00,steinybot,lunaruan,1.7204976851851852
24162,"[DevTools Bug] Cannot add node ""1"" because a node with that id is already in the Store.",2022-03-25 13:05:28+00:00,2022-03-28 18:25:31+00:00,JaapioNL,bvaughn,3.2222569444444447
24142,"[DevTools Bug] Unsupported Bridge operation ""0""",2022-03-22 06:19:18+00:00,2022-03-23 21:05:20+00:00,tuanbmfsoft,bvaughn,1.615300925925926
24136,Bug: Events in shadow dom get duplicated when bubbling,2022-03-21 02:39:00+00:00,,WorldSEnder,,
24134,[DevTools Bug]: Error occurs when installing react-devtools in yarn berry project,2022-03-20 08:18:43+00:00,2022-03-20 08:23:59+00:00,enk0de,enk0de,0.0036574074074074074
24094,[DevTools Bug]: Components + Profile tabs not showing up in Chrome 99,2022-03-14 17:50:04+00:00,2022-03-14 19:31:49+00:00,scott-m-sarsfield,lunaruan,0.07065972222222222
24089,React Devtools won't connect to Application running on iOS Simulator,2022-03-13 23:31:26+00:00,2022-03-14 13:35:08+00:00,dallasclark,bvaughn,0.5859027777777778
24064,[DevTools Bug]: Out of Memory randomly on pages,2022-03-09 16:54:32+00:00,,JaapioNL,,
24032,renderToReadableStream Passes Reusable Chunks,2022-03-04 20:49:02+00:00,2022-03-07 18:34:11+00:00,sebmarkbage,gnoff,2.9063541666666666
23373,[DevTools Bug] Cannot read properties of undefined (reading 'split'),2022-02-26 13:41:36+00:00,2022-03-10 18:36:47+00:00,JHSeo-git,bvaughn,12.204988425925926
23324,Bug: TypeError elem.nodeName.toLowerCase is not a function,2022-02-18 02:40:21+00:00,,Theoton,,
23317,"[DevTools Bug] Cannot add node ""1"" because a node with that id is already in the Store.",2022-02-17 11:33:33+00:00,2022-03-14 13:35:55+00:00,SK-DNS-NET,bvaughn,25.084976851851852
23307,"[DevTools Bug] Unsupported Bridge operation ""0""",2022-02-16 04:09:44+00:00,2022-03-15 18:21:35+00:00,gitrthanki1,bvaughn,27.5915625
23306,Bug: pseudo styles don't work properly if React state does not change when clicking with right mouse button.,2022-02-16 00:14:02+00:00,,acanthite1855,,
23303,[DevTools Bug] Cannot read properties of undefined (reading 'skin'),2022-02-15 20:08:08+00:00,2022-02-18 20:08:21+00:00,StefanoA1,lunaruan,3.000150462962963
23301,Bug: autoFocus broken inside <dialog /> ,2022-02-15 17:00:06+00:00,,jantimon,,
23299,Reset button on iOS time input does not return correct event value,2022-02-15 11:16:40+00:00,,PingEleanor1,sammy-SC,
23286,[DevTools Bug]: DevTools failed to load source map,2022-02-13 08:52:26+00:00,2022-02-14 21:14:12+00:00,woigl,lunaruan,1.5151157407407407
23283,"[DevTools Bug] Could not find node with id ""18"" in commit tree",2022-02-12 23:29:52+00:00,2022-03-10 18:35:52+00:00,wolfcomp,bvaughn,25.795833333333334
23259,"[DevTools Bug] Unsupported Bridge operation ""0""",2022-02-09 05:24:38+00:00,2022-02-09 05:24:51+00:00,gaolinxiong,github-actions[bot],0.00015046296296296297
23248,"Bug: eslint(react-hooks/exhaustive-deps) When a property is accessed with and without optional chaining, exhaustive-deps' code suggestion will introduce an error",2022-02-08 03:35:55+00:00,,dantman,,
23230,[DevTools Bug]: Inconsistent enforcement of using hooks in callbacks,2022-02-03 03:56:20+00:00,,eisenpony,,
23226,"[DevTools Bug] Cannot add node ""1"" because a node with that id is already in the Store.",2022-02-02 14:43:14+00:00,2025-10-12 13:05:22+00:00,spolesciuc,eps1lon,1347.932037037037
23225,"[DevTools Bug] Could not find ID for Fiber ""App""",2022-02-02 10:58:47+00:00,2022-03-17 19:40:04+00:00,grndctrl,lunaruan,43.362002314814816
23202,"[DevTools Bug] Cannot remove node ""612"" because no matching node was found in the Store.",2022-01-27 21:13:43+00:00,2025-10-12 13:01:43+00:00,steve-snow,eps1lon,1353.6583333333333
23162,DevTools should not crawl unmounted subtrees when profiling starts,2022-01-21 15:54:01+00:00,2022-01-21 16:05:50+00:00,bvaughn,bvaughn,0.008206018518518519
23155,[DevTools Bug]: Different results in chrome and firefox,2022-01-20 18:17:36+00:00,2022-01-20 20:37:45+00:00,bhargavmungara,bvaughn,0.09732638888888889
23138,[DevTools Bug]: Chrome Dev Tools extension shows websites built with other framework as React web sites,2022-01-18 20:59:20+00:00,2022-01-18 22:56:38+00:00,pavankjadda,bvaughn,0.08145833333333333
23130,[DevTools Bug]: Incorrect source location after hot reload & editing props,2022-01-17 16:15:21+00:00,,kiootic,,
23124,[DevTools Bug]: not sure if bug or  not:  devtools marks Youtube as built with react.,2022-01-16 14:57:01+00:00,2022-01-16 17:56:47+00:00,bmwasonga,bvaughn,0.12483796296296296
23119,[DevTools Bug]: Highlight updates when components render.,2022-01-15 21:52:53+00:00,2022-01-15 21:53:08+00:00,crodriguez-plitzi,github-actions[bot],0.00017361111111111112
23114,"[DevTools]: Confusing ""Why did this render?"" with hooks",2022-01-14 23:20:34+00:00,2022-04-29 15:38:48+00:00,Andarist,eps1lon,104.6793287037037
23107,[DevTools Bug]: 'This page is using the react build message' in every site,2022-01-14 05:36:41+00:00,2022-01-14 17:24:48+00:00,Fernando-Espinosa,bvaughn,0.4917476851851852
23100,[DevTools Bug]: Devtools script served over insecure connection causing issues with local https server.,2022-01-12 17:44:05+00:00,,malewis5,,
23099,"[DevTools Bug] Cannot add node ""6194"" because a node with that id is already in the Store.",2022-01-12 07:40:24+00:00,2022-01-12 13:48:24+00:00,Paul171,bvaughn,0.25555555555555554
23089,React 18: Context providers are reset to initial value in SSR during rendering,2022-01-10 17:54:13+00:00,2022-01-24 17:52:51+00:00,frandiox,gaearon,13.999050925925927
23070,"[DevTools Bug] Cannot add child ""34"" to parent ""33"" because parent node was not found in the Store.",2022-01-05 11:49:06+00:00,2022-01-05 11:49:20+00:00,s4hubhamp,github-actions[bot],0.00016203703703703703
23052,[DevTools Bug]: React Dev Tools fails to render props and state of component.,2021-12-31 11:30:47+00:00,,john007abhilash,,
23049,"[DevTools Bug]: Error: Could not find ID for Fiber ""...""",2021-12-30 21:12:29+00:00,2022-01-21 15:38:58+00:00,d-pollard,bvaughn,21.768391203703704
23035,"[DevTools Bug] Cannot add node ""1"" because a node with that id is already in the Store.",2021-12-27 20:33:10+00:00,2022-01-12 13:48:32+00:00,TamaraMalakhova,bvaughn,15.71900462962963
23030,[DevTools Bug] Cannot read properties of undefined (reading 'push'),2021-12-25 22:22:58+00:00,2021-12-26 00:43:08+00:00,nickretallack,nickretallack,0.09733796296296296
23009,"[DevTools Bug] Could not find ID for Fiber ""Route""",2021-12-21 09:06:07+00:00,2021-12-21 09:06:24+00:00,Jobs-Chen,github-actions[bot],0.00019675925925925926
22985,"[DevTools Bug] Cannot add node ""1"" because a node with that id is already in the Store.",2021-12-18 07:08:12+00:00,2021-12-18 07:08:25+00:00,sLurPPPeRsTaR,github-actions[bot],0.00015046296296296297
22973,"[DevTools Bug] Cannot add node ""7184"" because a node with that id is already in the Store.",2021-12-16 00:54:41+00:00,2021-12-16 03:59:08+00:00,ayoubgm,bvaughn,0.1280902777777778
22972,Bug: ,2021-12-15 22:22:47+00:00,2021-12-17 13:50:51+00:00,hophacker,bvaughn,1.6444907407407408
22970,"[DevTools Bug] Could not find ID for Fiber ""App""",2021-12-15 20:20:58+00:00,2022-01-21 16:05:49+00:00,skrat,bvaughn,36.8228125
22963,"[DevTools Bug] Cannot add node ""1"" because a node with that id is already in the Store.",2021-12-15 06:16:59+00:00,2021-12-15 14:17:26+00:00,TheRitual,jstejada,0.3336458333333333
22961,Revert changes to react-devtools-inline Webpack config from PR #22760,2021-12-15 04:44:55+00:00,2021-12-15 04:45:46+00:00,bvaughn,bvaughn,0.0005902777777777778
22959,react-devtools report Error: Cannot find module './app',2021-12-15 03:33:08+00:00,2021-12-15 04:28:57+00:00,smoothdvd,bvaughn,0.03876157407407407
22958,[react-devtools-inline][4.22.0]: broken published package,2021-12-15 00:54:52+00:00,2021-12-15 04:45:46+00:00,AviVahl,bvaughn,0.16034722222222222
22944,"[DevTools Bug]: Fetch API cannot load webpack-internal:///... URL scheme ""webpack-internal"" is not supported",2021-12-12 22:54:31+00:00,2021-12-13 14:05:28+00:00,anthonyma94,anthonyma94,0.6326041666666666
22871,"[DevTools Bug] Could not find node with id ""99"" in commit tree",2021-12-05 23:35:15+00:00,2021-12-10 16:00:11+00:00,Mozart409,lunaruan,4.6839814814814815
22865,"[DevTools Bug] Cannot add node ""1"" because a node with that id is already in the Store.",2021-12-03 22:06:42+00:00,2021-12-04 18:46:11+00:00,iburlachenko,bvaughn,0.8607523148148148
22847,Bug: Rendering content inside an iFrame using createPortal with Firefox is blank,2021-11-30 14:06:08+00:00,,emilevirus,,
22834,[DevTools Bug]: CDN-based site not working,2021-11-26 00:52:17+00:00,2021-12-09 20:32:11+00:00,ForbiddenEra,bvaughn,13.819375
22828,[DevTools Bug]: They make Firefox's debugger unusable (can't continue or step over),2021-11-25 06:10:38+00:00,,x-yuri,,
22809,Bug: Error checking code is skipped for async useEffect argument,2021-11-22 22:10:53+00:00,2021-11-22 22:32:35+00:00,ChristopherPAndrews,eps1lon,0.015069444444444444
22800,[DevTools Bug]: Scheduling Profiler Tab Doesn't Show Up In DevTools,2021-11-21 13:24:29+00:00,2021-11-21 14:34:38+00:00,Moshyfawn,bvaughn,0.04871527777777778
22796,"React 18 Bug: react-dom/server ""Detected multiple renderers..."" if preceeded by react-test-renderer",2021-11-20 12:40:28+00:00,2023-01-12 12:17:18+00:00,eps1lon,eps1lon,417.98391203703704
22784,React 18 Bug: Hydration mismatch if empty string is rendered,2021-11-17 10:35:28+00:00,2021-11-23 23:45:35+00:00,eps1lon,eps1lon,6.54869212962963
22770,[DevTools Bug] Cannot read properties of undefined (reading 'push'),2021-11-15 21:35:11+00:00,2021-11-22 16:07:14+00:00,preyneyv,bvaughn,6.772256944444444
22759,"[DevTools Bug] Cannot add node ""378218"" because a node with that id is already in the Store.",2021-11-15 10:16:20+00:00,2021-11-15 10:16:35+00:00,Rachell8,github-actions[bot],0.00017361111111111112
22741,"Bug: React instrumentation encountered an error: Error: Could not find ID for Fiber ""Portal""",2021-11-11 08:34:48+00:00,2021-11-15 15:51:47+00:00,jackluson,bvaughn,4.303460648148148
22734,"[DevTools Bug] Cannot add child ""44"" to parent ""42"" because parent node was not found in the Store.",2021-11-10 02:20:05+00:00,2021-11-20 15:39:01+00:00,I7RANK,I7RANK,10.554814814814815
22731,Timeline: Nested update warning logic flaw,2021-11-09 20:45:50+00:00,,bvaughn,,
22727,[DevTools Bug]: Chrome extension's settings reset after every reload,2021-11-09 06:08:26+00:00,,Guris,,
22718,Bug: Parent <details> onToggle handler called when child <details> onToggle handler is triggered,2021-11-07 19:48:36+00:00,,jordanbtucker,,
22703,[DevTools Bug]: Components without own dimensions not highlighted at all,2021-11-05 11:16:58+00:00,,Andarist,,
22702,Bug: Failed to execute 'insertBefore' on 'Node' And Failed to execute 'removeChild' on 'Node' with Chrome translate,2021-11-05 07:42:28+00:00,,1291669609,,
22689,[DevTools Bug] dispatcher.useId is not a function,2021-11-03 18:31:39+00:00,2021-12-21 19:31:43+00:00,eps1lon,bvaughn,48.04171296296296
22686,Named hooks parsing fails for certain Code Sandbox examples,2021-11-03 15:37:15+00:00,2021-11-04 14:22:26+00:00,bvaughn,bvaughn,0.9480439814814815
22685,Bug: use-sync-external-store fails to install via npm,2021-11-03 14:06:08+00:00,2022-02-18 17:10:20+00:00,lilactown,acdlite,107.12791666666666
22656,"Bug: ""The above error…"" should appear after the error message but appears before (for some errors)",2021-10-30 04:24:28+00:00,,sophiebits,,
22650,React 18 - Internal React error if throwing on hook cleanup function.,2021-10-28 23:37:02+00:00,,andrew-w-ross,,
22636,DevTools can't load Components tree in Components Tab,2021-10-27 16:49:04+00:00,,jstejada,,
22630,"[DevTools Bug]: ""Reload and start profiling"" button is missing on Microsoft Edge",2021-10-26 16:59:53+00:00,2021-10-27 17:14:04+00:00,yifanwww,bvaughn,1.009849537037037
22612,"[DevTools Bug] Cannot add node ""1"" because a node with that id is already in the Store.",2021-10-21 16:24:25+00:00,2021-10-21 19:10:52+00:00,Krishnag09,bvaughn,0.11559027777777778
22611,"[DevTools Bug] Cannot remove node ""264"" because no matching node was found in the Store.",2021-10-21 02:09:18+00:00,2021-11-04 13:40:13+00:00,huyprowow,huyprowow,14.479803240740742
22603,"devtools: ""What caused this update?"" when a lazy component resolves",2021-10-20 17:56:50+00:00,,eps1lon,github-actions[bot],
22596,[DevTools Bug]: Blank tools localhost - react_devtools_backend.js:5821 Uncaught Error: Could not find ID for Fiber,2021-10-20 08:46:39+00:00,2021-10-20 13:03:35+00:00,CatarinaSony,jstejada,0.17842592592592593
22591,[DevTools Bug]: Loading / parsing hook names is failing on v4.20,2021-10-19 22:09:48+00:00,2021-11-04 15:46:52+00:00,jstejada,jstejada,15.734074074074075
22577,[DevTools Bug]: Blank tools localhost only,2021-10-18 10:24:54+00:00,2021-11-03 14:35:42+00:00,MadPeachTM,jstejada,16.174166666666668
22572,[DevTools Bug]: Firefox and Edge show error in console about unrecognized installation on v4.20.0,2021-10-15 20:09:41+00:00,2021-10-15 21:18:20+00:00,jstejada,jstejada,0.04767361111111111
22570,"[DevTools Bug] Cannot add node ""1"" because a node with that id is already in the Store.",2021-10-15 19:16:38+00:00,2021-10-20 16:23:55+00:00,samkhatri,jstejada,4.88005787037037
22558,Standalone Devtools splash page unresponsive after client disconnects ,2021-10-14 14:11:25+00:00,2021-10-15 16:54:24+00:00,gabrieltrompiz,bvaughn,1.1131828703703703
22526,"[DevTools Bug] Cannot add node ""2934"" because a node with that id is already in the Store.",2021-10-08 13:01:20+00:00,2021-10-08 13:01:34+00:00,Mayank-MP05,github-actions[bot],0.00016203703703703703
22488,"[DevTools Bug] Could not inspect element with id ""2"". Error thrown:Cached data for element ""2"" not found",2021-10-02 13:53:08+00:00,2022-01-24 14:21:53+00:00,pranawwe,bvaughn,114.01996527777777
22479,"[DevTools Bug] Could not inspect element with id ""15"". Error thrown:Cached data for element ""15"" not found",2021-10-01 13:24:11+00:00,2021-10-01 13:29:17+00:00,santhosh-reddy03,bvaughn,0.0035416666666666665
22459,"Bug: setState updater called but not rendered, in Safari, in concurrent mode",2021-09-29 08:43:19+00:00,2022-01-18 18:25:35+00:00,jamesknelson,gaearon,111.40435185185186
22422,[DevTools Bug]: Emoji as visual helper produce strange symbole,2021-09-24 20:15:48+00:00,2021-09-27 17:34:39+00:00,jonlepage,bvaughn,2.8880902777777777
22413,Bug: Components inside typescript namespaces cause ReferenceError,2021-09-24 10:11:29+00:00,2021-11-09 20:22:19+00:00,Enteleform,gaearon,46.42418981481482
22344,[DevTools Bug]:  Emoji seem supported but produce strange symbole,2021-09-17 13:52:27+00:00,2021-09-17 13:52:43+00:00,jonlepage,github-actions[bot],0.00018518518518518518
22333,"Error: ""Cannot read property 'length' of undefined""",2021-09-16 05:45:36+00:00,2021-11-15 15:51:57+00:00,drager,bvaughn,60.42107638888889
22328,[DevTools Bug]: Hook parsing fails with fetch error,2021-09-15 19:15:59+00:00,2021-09-17 02:14:55+00:00,th3fallen,th3fallen,1.290925925925926
22327,[DevTools Bug]: hook resolution throws fetch failure,2021-09-15 19:14:01+00:00,2021-09-15 19:14:19+00:00,th3fallen,github-actions[bot],0.00020833333333333335
22319,[DevTools Bug]: Hook names fail to parse if source file for Component is an html file,2021-09-14 21:35:28+00:00,,jstejada,,
22311,DevTools: Backend console settings reportedly not synced to RN backend,2021-09-14 15:08:34+00:00,2021-09-21 21:58:45+00:00,bvaughn,bvaughn,7.284849537037037
22293,Bug: Maximum call stack size exceeded (React Devtools),2021-09-10 21:18:32+00:00,2021-09-17 13:52:52+00:00,wavesoft,bvaughn,6.690509259259259
22269,"[DevTools Bug] Could not inspect element with id ""28"". Error thrown:Cached data for element ""28"" not found",2021-09-08 07:31:12+00:00,2021-09-08 07:31:25+00:00,ifthenelse,github-actions[bot],0.00015046296296296297
22254,Bug: Rules of Hooks should not allow passing a Hook as a function argument,2021-09-06 19:30:25+00:00,,gaearon,,
22250,"[DevTools] Support providing the number of components above selected or ""depth""",2021-09-05 12:52:10+00:00,2021-09-05 12:52:24+00:00,gianpaj,github-actions[bot],0.00016203703703703703
22241,"[DevTools Bug] Could not inspect element with id ""219"". Error thrown:Cached data for element ""219"" not found",2021-09-03 12:41:47+00:00,2021-09-30 16:48:54+00:00,HomeskulTest,bvaughn,27.171608796296297
22238,Bug: useEffect not triggering on [deps] change,2021-09-02 17:16:48+00:00,2021-09-02 19:58:21+00:00,Tosheen,Tosheen,0.1121875
22214,Bug: Nested ReactDOMServer.renderToString calls cause React hooks to throw invalid hook exception,2021-08-30 17:24:22+00:00,,burhanbvk,,
22138,[DevTools Bug]: React Profiler: Flamegraph section overflows and not resizable,2021-08-19 18:34:00+00:00,,shogunsea,,
22137,[DevTools Bug]: Flamegraph section overflows and not resizable ,2021-08-19 18:29:50+00:00,2021-08-19 18:30:04+00:00,shogunsea,github-actions[bot],0.00016203703703703703
22135,[DevTools Bug]:  Context & useContext，some child component don‘t rerender，but highlight！,2021-08-19 15:29:35+00:00,2021-08-19 21:19:44+00:00,bigbigDreamer,lunaruan,0.24315972222222224
22123,[DevTools Bug]: Profiler freezes when navigating through commits,2021-08-18 09:33:30+00:00,2021-08-20 18:08:23+00:00,eps1lon,lunaruan,2.3575578703703703
22122,[DevTools Bug]: Cannot hover/click elements after scrolling,2021-08-18 09:21:06+00:00,,eps1lon,,
22113,react-dom@alpha UMD bundle throws when rendering,2021-08-17 18:04:29+00:00,2021-08-18 05:40:56+00:00,josepharhar,bvaughn,0.48364583333333333
22099,"[DevTools Bug] Could not inspect element with id ""1335""",2021-08-16 14:53:28+00:00,2021-08-23 23:22:31+00:00,duanelo,bvaughn,7.353506944444445
22084,"[DevTools Bug] Could not inspect element with id ""3""",2021-08-13 07:58:40+00:00,2021-08-13 07:58:53+00:00,xcorp1986,github-actions[bot],0.00015046296296296297
22071,"[DevTools Bug] Could not inspect element with id ""7""",2021-08-11 06:59:02+00:00,2021-08-11 06:59:17+00:00,Erfan-Motallebi,github-actions[bot],0.00017361111111111112
22065,[DevTools Bug]: ,2021-08-11 00:10:38+00:00,2021-08-11 05:10:52+00:00,kentcdodds,jstejada,0.20849537037037036
22034,[DevTools Bug]: React Devtools on Firefox initially shows an empty (blank) component tree,2021-08-05 13:05:15+00:00,,saiyerniakhil,,
22014,"[DevTools Bug] getCommitTree(): Invalid commit ""12"" for root ""1"". There are only ""12"" commits.",2021-08-03 14:49:32+00:00,2021-08-03 14:49:47+00:00,mohsenParvar,github-actions[bot],0.00017361111111111112
21986,"[DevTools Bug]: Component tree size too small, components can't be selected",2021-07-29 05:13:14+00:00,2021-08-13 00:41:56+00:00,subnomo,bvaughn,14.811597222222222
21978,"[DevTools Bug] Commit tree does not contain fiber ""191"". This is a bug in React DevTools.",2021-07-28 07:26:15+00:00,2021-07-28 07:26:30+00:00,JustynaOlszewska,github-actions[bot],0.00017361111111111112
21977,"[DevTools Bug] Could not inspect element with id ""333""",2021-07-28 04:54:44+00:00,2021-07-28 04:55:01+00:00,zoeycj,github-actions[bot],0.00019675925925925926
21974,[DevTools Bug]: StrictMode not shown in component tree,2021-07-27 21:02:03+00:00,2021-08-30 19:39:43+00:00,rickhanlonii,bvaughn,33.942824074074075
21965,"[DevTools Bug] Could not inspect element with id ""18""",2021-07-26 15:43:53+00:00,2021-07-26 15:44:07+00:00,gamevnlc,github-actions[bot],0.00016203703703703703
21961,"[DevTools Bug] Could not inspect element with id ""175""",2021-07-26 08:26:01+00:00,2021-07-26 08:26:15+00:00,manishsainju,github-actions[bot],0.00016203703703703703
21945,"[DevTools Bug] Could not inspect element with id ""3824""",2021-07-23 14:02:53+00:00,2021-07-23 14:03:09+00:00,apenab,github-actions[bot],0.00018518518518518518
21944,"[DevTools Bug] Commit tree does not contain fiber ""1422"". This is a bug in React DevTools.",2021-07-23 11:42:33+00:00,2021-07-23 11:42:47+00:00,Ashwary-Jharbade,github-actions[bot],0.00016203703703703703
21937,[DevTools Bug]: highlight updates when components render,2021-07-21 21:02:43+00:00,2021-07-21 21:03:45+00:00,ko22009,ko22009,0.0007175925925925926
21936,highlight updates when components render,2021-07-21 20:52:49+00:00,2021-07-21 20:53:03+00:00,ko22009,github-actions[bot],0.00016203703703703703
21818,[DevTools] Named hooks transient errors,2021-07-07 19:24:33+00:00,2021-07-08 17:56:11+00:00,bvaughn,bvaughn,0.9386342592592593
21803,[DevTools Bug] Could not inspect element with id 192,2021-07-06 15:56:33+00:00,2021-07-07 15:21:04+00:00,erwinpra,bvaughn,0.9753587962962963
21801,Bug: radio and checkbox controlled checked property is not updated when browser restores form state,2021-07-05 19:25:33+00:00,,TheCloudlessSky,,
21799,"[DevTools Bug] Commit tree does not contain fiber ""266"". This is a bug in React DevTools.",2021-07-04 03:08:03+00:00,2021-07-04 03:08:18+00:00,shivamparvat,github-actions[bot],0.00017361111111111112
21795,[DevTools Bug] Could not inspect element with id 3,2021-07-02 16:03:34+00:00,2021-07-02 16:03:50+00:00,let-sbo,github-actions[bot],0.00018518518518518518
21789,[DevTools bug] Extension not showing on browser,2021-07-02 10:06:26+00:00,2021-07-07 13:44:31+00:00,KingsleyIbe,bvaughn,5.151446759259259
21786,"[DevTools Bug] Cannot add child ""11802"" to parent ""11726"" because parent node was not found in the Store.",2021-07-02 03:02:35+00:00,2021-07-06 17:05:24+00:00,mohammad-mustafa-tfs,bvaughn,4.585289351851852
21764,"[DevTools Bug] Cannot remove node ""2862"" because no matching node was found in the Store.",2021-06-29 01:51:34+00:00,2021-06-29 01:51:49+00:00,Superb-x,github-actions[bot],0.00017361111111111112
21761,Bug: Picture elements fail to update to appropriate source image on window resize in Safari,2021-06-27 18:00:49+00:00,,bruncun,,
21755,"[DevTools Bug] Cannot remove node ""30123"" because no matching node was found in the Store.",2021-06-25 22:27:22+00:00,2022-01-20 21:54:16+00:00,joshkaplan,bvaughn,208.97701388888888
21751,[DevTools Bug] Children cannot be added or removed during a reorder operation.,2021-06-25 04:11:26+00:00,2025-10-12 13:07:01+00:00,Alice-in-korea,eps1lon,1570.3719328703703
21746,[DevTools Bug] Could not inspect element with id 3903,2021-06-24 13:23:57+00:00,2021-06-24 14:45:45+00:00,SultanKh,bvaughn,0.056805555555555554
21742,Inconsistent crossbrowser onBeforeInput paste event behavior,2021-06-24 01:13:36+00:00,,johtso,,
21724,"[DevTools Bug] Could not inspect element with id ""4""",2021-06-22 22:56:05+00:00,2021-07-14 22:54:46+00:00,Agustin-A-Aubete-Cristiani,bvaughn,21.99908564814815
21718,[DevTools Bug]: Settings panel layout broken,2021-06-22 09:42:35+00:00,2021-06-24 15:19:57+00:00,thany,bvaughn,2.2342824074074072
21717,[DevTools Bug]: Indentation broken for Components tab,2021-06-22 09:39:40+00:00,2021-06-22 22:29:13+00:00,thany,bvaughn,0.5344097222222223
21711,[DevTools Bug]: Where's the error stack trace?,2021-06-21 01:28:26+00:00,2021-06-22 22:29:40+00:00,joego2124,bvaughn,1.8758564814814815
21695,[DevTools Bug]: Long keys overlap,2021-06-16 20:57:00+00:00,2021-06-18 17:48:01+00:00,MinimumViablePerson,bvaughn,1.8687615740740742
21685,Bug: Webpack process and setImmediate polyfill interferes with time slicing,2021-06-15 17:07:37+00:00,,gaearon,,
21676,Bug: Layout effects don't re-fire in 18 on Suspense re-showing,2021-06-14 15:19:13+00:00,2021-06-16 23:44:44+00:00,gaearon,bvaughn,2.351053240740741
21669,[DevTools Bug] Could not inspect element with id 38,2021-06-13 11:16:30+00:00,2021-06-14 16:43:21+00:00,beqakhelidze,bvaughn,1.2269791666666667
21665,[DevTools Bug] Could not inspect element with id 649,2021-06-11 16:35:42+00:00,2021-06-11 16:35:58+00:00,AnwarHemdene,github-actions[bot],0.00018518518518518518
21654,[DevTools Bug] Crash when inspecting component using a hook that returns a Proxy,2021-06-10 11:04:07+00:00,2021-06-11 14:15:48+00:00,unekinn,bvaughn,1.133113425925926
21653,"[DevTools Bug] Cannot remove node ""5"" because no matching node was found in the Store.",2021-06-10 05:13:29+00:00,2021-06-10 17:14:31+00:00,asirhameem,bvaughn,0.5007175925925926
21638,"[DevTools Bug] Cannot add node ""1"" because a node with that id is already in the Store.",2021-06-07 09:25:54+00:00,2021-06-07 12:54:02+00:00,mardiansn,bvaughn,0.14453703703703705
21636,"[DevTools Bug] Cannot add node ""476"" because a node with that id is already in the Store.",2021-06-07 06:52:01+00:00,2022-01-24 14:19:34+00:00,Bodyhealer,bvaughn,231.31079861111112
21632,[DevTools Bug] Could not inspect element with id 5,2021-06-06 08:41:16+00:00,2021-06-06 08:44:58+00:00,xiaodongxing,xiaodongxing,0.0025694444444444445
21622,[DevTools Bug] Could not inspect element with id 2,2021-06-04 13:25:12+00:00,2021-06-04 14:41:00+00:00,KenHuffman,bvaughn,0.05263888888888889
21606,[DevTools Bug] Could not inspect element with id 2,2021-06-02 20:45:02+00:00,2021-06-02 20:45:18+00:00,Edgarmejiav,github-actions[bot],0.00018518518518518518
21588,[DevTools Bug] Could not inspect element with id 4,2021-05-31 08:47:32+00:00,2021-05-31 08:47:48+00:00,whiskyJack11,github-actions[bot],0.00018518518518518518
21579,[DevTools Bug] Could not inspect element with id 10,2021-05-27 16:35:22+00:00,2021-05-27 19:55:34+00:00,victor-homyakov,bvaughn,0.13902777777777778
21573,[DevTools Bug] Could not inspect element with id 9,2021-05-27 03:30:55+00:00,2021-05-27 19:09:52+00:00,luifo,bvaughn,0.6520486111111111
21568,"[DevTools Bug] Cannot remove node ""47636"" because no matching node was found in the Store.",2021-05-26 08:39:57+00:00,2021-05-26 14:07:10+00:00,GGWebProject,bvaughn,0.2272337962962963
21563,"[DevTools Bug] Cannot remove node ""96"" because no matching node was found in the Store.",2021-05-25 18:53:34+00:00,2021-05-25 18:55:13+00:00,ewotring,bvaughn,0.0011458333333333333
21559,Bug: Firefox and react-dom causing null access property,2021-05-25 15:17:45+00:00,,SimonChaumet,,
21547,"[DevTools Bug] Cannot add node ""1"" because a node with that id is already in the Store.",2021-05-22 13:44:23+00:00,2021-05-22 13:44:36+00:00,sbland,github-actions[bot],0.00015046296296296297
21545,[DevTools Bug] Cannot read property 'isCollapsed' of undefined,2021-05-21 08:28:50+00:00,2021-05-25 18:49:30+00:00,ashiktm,bvaughn,4.431018518518519
21538,[DevTools Bug]: React.memo causing DevTools to fail to render the entire DOM tree.,2021-05-20 16:41:55+00:00,2021-05-20 20:42:00+00:00,theschubinator,bvaughn,0.16672453703703705
21534,"[DevTools Error] Cannot remove node ""2315"" because no matching node was found in the Store.",2021-05-19 20:31:40+00:00,2021-05-21 14:19:06+00:00,AsheshL,bvaughn,1.741273148148148
21533,Bug: onClick handler not called on mobile Safari / iPhone,2021-05-19 19:43:25+00:00,2021-06-08 14:30:18+00:00,rohankeskar19,bvaughn,19.782557870370372
21529,"[DevTools Error] Cannot remove node ""145"" because no matching node was found in the Store.",2021-05-19 16:09:43+00:00,2021-05-19 16:34:12+00:00,youssouf-marzouk,bvaughn,0.017002314814814814
21528,[DevTools Bug]: Fast Refresh + DevTools breaks component inspection,2021-05-19 15:50:20+00:00,2021-05-20 15:24:09+00:00,bvaughn,bvaughn,0.9818171296296296
21527,"[DevTools Error] Cannot remove node ""527"" because no matching node was found in the Store.",2021-05-19 14:12:31+00:00,2021-05-19 15:08:38+00:00,khairmuhammadLU,bvaughn,0.038969907407407404
21526,Bug: Where did the components tree go in the new version?,2021-05-19 10:27:38+00:00,2021-05-19 18:05:40+00:00,AhmedSarhan,AhmedSarhan,0.3180787037037037
21522,"[DevTools Error] Cannot remove node ""771"" because no matching node was found in the Store.",2021-05-18 16:52:46+00:00,2021-05-19 02:46:51+00:00,aluiscode,bvaughn,0.4125578703703704
21518,[DevTools Bug]: console.log throws type error if one of the arguments is symbol,2021-05-18 08:09:22+00:00,2021-05-18 15:46:04+00:00,leidegre,bvaughn,0.3171527777777778
21508,"Error: ""Cannot read property 'length' of undefined""",2021-05-14 10:58:17+00:00,2021-05-20 01:09:55+00:00,skorotkiewicz,skorotkiewicz,5.591412037037037
21478,"Error: ""Cannot remove node ""1105"" because no matching node was found in the Store.""",2021-05-09 17:33:00+00:00,2021-05-10 00:34:06+00:00,rahulsharmamt,bvaughn,0.2924305555555556
21469,[DevTools Bug]: Children list grows indefinitely when adding/removing useEffect,2021-05-08 15:43:14+00:00,2021-05-18 15:43:29+00:00,eps1lon,bvaughn,10.00017361111111
21468,"Error: ""Children cannot be added or removed during a reorder operation.""",2021-05-08 06:43:50+00:00,2021-05-20 02:18:40+00:00,AnthonyJRay,bvaughn,11.81585648148148
21464,"[DevTools Error] Cannot add node ""3709"" because a node with that id is already in the Store.",2021-05-07 18:12:40+00:00,2021-05-07 19:41:44+00:00,devich2,bvaughn,0.06185185185185185
21458,[DevTools Error] This error is intentional,2021-05-07 12:47:39+00:00,2021-05-07 12:48:03+00:00,bvaughn,bvaughn,0.0002777777777777778
21457,"Error: ""Cannot add node ""1"" because a node with that id is already in the Store.""",2021-05-07 09:48:09+00:00,2021-05-07 12:44:40+00:00,hulyo-firmansyah,bvaughn,0.12258101851851852
21456,"Error: ""Cannot add node ""1"" because a node with that id is already in the Store.""",2021-05-07 06:04:43+00:00,2021-05-07 12:44:49+00:00,sreekanthBharatham,bvaughn,0.27784722222222225
21447,"Error: ""Cannot remove node ""1182"" because no matching node was found in the Store.""",2021-05-06 14:05:51+00:00,2021-05-06 20:49:48+00:00,ashitoshk46,bvaughn,0.28052083333333333
21445,"Error: ""Cannot add child ""18903"" to parent ""18774"" because parent node was not found in the Store.""",2021-05-06 12:06:15+00:00,2021-05-25 18:49:05+00:00,atulSagotra,bvaughn,19.27974537037037
21444,"Error: ""Node ""103"" was removed before its children.""",2021-05-06 10:31:22+00:00,2021-05-18 15:44:12+00:00,alkairis,bvaughn,12.217245370370371
21442,"Error: ""Cannot remove node ""2626"" because no matching node was found in the Store.""",2021-05-06 08:37:57+00:00,2021-05-19 02:45:47+00:00,neerajverma101,bvaughn,12.755439814814816
21436,"Error: ""Cannot add node ""1"" because a node with that id is already in the Store.""",2021-05-05 17:58:25+00:00,2021-05-19 02:44:30+00:00,dharapx,bvaughn,13.365335648148148
21429,"Error: ""Cannot read property 'concat' of undefined""",2021-05-04 19:29:06+00:00,2021-05-05 18:38:11+00:00,imatheus-lucas,imatheus-lucas,0.9646412037037037
21420,"Error: ""Commit tree does not contain fiber ""9016"". This is a bug in React DevTools.""",2021-05-03 22:13:36+00:00,2021-05-04 01:47:20+00:00,PeterAronZentai,bvaughn,0.14842592592592593
21416,"Bug: useReducer, reducer function gets called twice (possible memory leak)",2021-05-03 20:03:20+00:00,2021-09-27 23:25:11+00:00,hosseini44444,acdlite,147.14017361111112
21408,"Error: ""Commit tree does not contain fiber ""48424"". This is a bug in React DevTools.""",2021-05-02 14:56:52+00:00,2021-05-25 18:49:52+00:00,danielMiron,bvaughn,23.161805555555556
21407,"Error: ""Cannot read property 'length' of undefined""",2021-05-01 23:58:03+00:00,2021-05-04 13:38:36+00:00,sumedh0803,bvaughn,2.569826388888889
21405,"Error: ""Commit tree does not contain fiber ""411916"". This is a bug in React DevTools.""",2021-05-01 06:02:41+00:00,2021-05-01 13:27:57+00:00,vindm,bvaughn,0.30921296296296297
21402,"Error: ""Commit tree does not contain fiber ""53"",""61"",""304"". This is a bug in React DevTools.""",2021-05-01 05:11:36+00:00,2021-05-01 13:28:05+00:00,SeyyedKhandon,bvaughn,0.34478009259259257
21399,"Error: ""can't access property ""concat"", parentNode.children is undefined""",2021-04-30 18:06:36+00:00,2021-05-03 13:53:14+00:00,wegry,bvaughn,2.824050925925926
21396,"Error: ""Commit tree does not contain fiber ""2456"". This is a bug in React DevTools.""",2021-04-30 09:30:48+00:00,2021-04-30 14:03:54+00:00,yvnhouns,bvaughn,0.18965277777777778
21395,"Error: ""Commit tree does not contain fiber ""2298"". This is a bug in React DevTools.""",2021-04-30 09:15:40+00:00,2021-04-30 14:03:44+00:00,DedaDev,bvaughn,0.2000462962962963
21394,"Error: ""Commit tree does not contain fiber ""24337"". This is a bug in React DevTools.""",2021-04-30 01:25:32+00:00,2021-04-30 14:03:32+00:00,pboster-splunk,bvaughn,0.5263888888888889
21391,"Error: ""Cannot read property 'isCollapsed' of undefined""",2021-04-29 16:28:40+00:00,2021-04-29 18:06:46+00:00,franciscomntll,bvaughn,0.068125
21389,"Error: ""Commit tree does not contain fiber ""951"". This is a bug in React DevTools.""",2021-04-29 10:05:19+00:00,2021-04-29 14:34:33+00:00,krinaSardhara,bvaughn,0.1869675925925926
21379,Scheduling profiler lanes are missing,2021-04-28 17:28:44+00:00,2021-04-30 22:16:01+00:00,bvaughn,bvaughn,2.199502314814815
21375,"Error: ""Commit tree does not contain fiber ""281"". This is a bug in React DevTools.""",2021-04-28 09:56:59+00:00,2021-04-28 13:16:01+00:00,kmanimurugan,bvaughn,0.1382175925925926
21349,"Bug: In a specific environment, controlled input triggers onChange twice",2021-04-25 08:13:07+00:00,,EastblueOkay,,
21332,DevTools does not handle Symbol values logged to cosole.warn/console.error,2021-04-22 16:20:15+00:00,2021-04-27 20:36:21+00:00,leidegre,bvaughn,5.177847222222222
21328,Bug: ESLint react-hooks/rules-of-hooks false positives when codepath counts exceed Number.MAX_SAFE_INTEGER,2021-04-21 23:00:52+00:00,2024-12-15 00:57:49+00:00,camhux,camhux,1333.0812152777778
21313,"Error: ""Commit tree does not contain fiber 10903. This is a bug in React DevTools.""",2021-04-19 14:21:39+00:00,2021-04-19 15:26:16+00:00,Antoine-Bottin,bvaughn,0.04487268518518518
21310,"Error: ""Commit tree does not contain fiber 942. This is a bug in React DevTools.""",2021-04-17 23:59:13+00:00,2021-04-18 16:59:17+00:00,kalwabed,bvaughn,0.7083796296296296
21306,"Error: ""Commit tree does not contain fiber 14148. This is a bug in React DevTools.""",2021-04-17 12:34:07+00:00,2021-04-17 15:34:19+00:00,rahul1368,bvaughn,0.12513888888888888
21302,"Error: ""Cannot read property 'isCollapsed' of undefined""",2021-04-16 15:36:05+00:00,2021-04-16 15:57:56+00:00,arjanvlek,bvaughn,0.015173611111111112
21297,"Error: ""Commit tree does not contain fiber 5323. This is a bug in React DevTools.""",2021-04-16 07:29:13+00:00,2021-04-16 15:58:38+00:00,ZelikSV,bvaughn,0.35376157407407405
21296,"Error: ""Cannot read property 'concat' of undefined""",2021-04-16 05:54:31+00:00,2021-04-16 15:59:01+00:00,ZelikSV,bvaughn,0.4197916666666667
21295,"Error: ""Commit tree does not contain fiber 834. This is a bug in React DevTools.""",2021-04-16 03:35:19+00:00,2021-04-16 15:58:40+00:00,nikodunk,bvaughn,0.5162152777777778
21284,"Error: ""Cannot read property 'concat' of undefined""",2021-04-15 15:18:49+00:00,2021-04-15 16:23:46+00:00,ynachar,bvaughn,0.04510416666666667
21281,"Error: ""Cannot read property 'isCollapsed' of undefined""",2021-04-15 10:13:08+00:00,2021-04-15 16:24:23+00:00,gumpenaajayvarma,bvaughn,0.2578125
21280,"Error: ""Cannot read property 'isCollapsed' of undefined""",2021-04-15 08:44:51+00:00,2021-04-15 16:24:23+00:00,KresimirJurkovic,bvaughn,0.3191203703703704
21271,"Error: ""Could not find node with id ""40035"" in commit tree""",2021-04-14 19:16:21+00:00,2021-04-28 14:29:23+00:00,jonsundberg,bvaughn,13.800717592592592
21264,"Error: ""Cannot read property 'isCollapsed' of undefined""",2021-04-14 14:14:39+00:00,2021-04-14 14:27:16+00:00,nate-mcneil,bvaughn,0.008761574074074074
21258,"Error: ""Cannot read property 'isCollapsed' of undefined""",2021-04-14 02:51:57+00:00,2021-04-29 18:06:25+00:00,mrkev,bvaughn,15.635046296296297
21248,"Error: ""Cannot read property 'concat' of undefined""",2021-04-13 14:32:55+00:00,2021-04-13 14:52:23+00:00,nadagalal,bvaughn,0.013518518518518518
21247,"Error: ""Cannot read property 'isCollapsed' of undefined""",2021-04-13 11:38:18+00:00,2021-04-13 14:51:38+00:00,avtarprajapati,bvaughn,0.13425925925925927
21244,"Error: ""Commit tree does not contain fiber 110. This is a bug in React DevTools.""",2021-04-12 21:02:37+00:00,2021-04-13 00:33:04+00:00,BanJoeH,bvaughn,0.14614583333333334
21243,"Error: ""Cannot read property 'isCollapsed' of undefined""",2021-04-12 18:19:06+00:00,2021-04-12 18:34:30+00:00,ahmed6450,bvaughn,0.010694444444444444
21239,"Error: ""Cannot read property 'isCollapsed' of undefined""",2021-04-12 07:55:10+00:00,2021-04-12 08:01:54+00:00,dataknowsJson,eps1lon,0.004675925925925926
21232,"Error: ""Commit tree does not contain fiber 6639. This is a bug in React DevTools.""",2021-04-11 06:04:51+00:00,2021-04-12 00:42:20+00:00,chanphiromsok,bvaughn,0.7760300925925926
21231,"Error: ""Commit tree does not contain fiber 117. This is a bug in React DevTools.""",2021-04-10 20:53:21+00:00,2021-04-12 00:42:02+00:00,Sergyus,bvaughn,1.1588078703703704
21212,Bug: iOS VoiceOver announces stale content in headings,2021-04-08 22:26:44+00:00,,JeffreyATW,,
21187,React DevTools failing to load state/props sidebar,2021-04-06 17:18:19+00:00,2021-04-08 18:06:04+00:00,germain-gg,bvaughn,2.0331597222222224
21172,Bug: DevTools settings dialog no longer opens,2021-04-03 13:24:52+00:00,2021-04-05 15:09:43+00:00,bvaughn,bvaughn,2.0728125
21140,"Error: ""Commit tree does not contain fiber 74. This is a bug in React DevTools.""",2021-03-30 17:21:18+00:00,2021-03-30 18:29:25+00:00,pradeepc84,bvaughn,0.04730324074074074
21094,Bug: Radio/Checkbox inputs not triggered when setting state in listener on a parent element,2021-03-25 10:17:28+00:00,,kotliluk,,
21046,"Error: ""Commit tree already contains fiber 1. This is a bug in React DevTools.""",2021-03-21 10:52:59+00:00,2021-03-21 15:21:18+00:00,singhdeepanshu,bvaughn,0.18633101851851852
21026,"Bug: DevTools built-in hook number badges are broken for ""light"" theme",2021-03-18 00:32:29+00:00,2021-03-19 13:52:59+00:00,bvaughn,bvaughn,1.5559027777777779
21023,react-devtools-inline package now has react@experimental dependency,2021-03-17 18:22:17+00:00,,bvaughn,,
20990,Bug: performing input.select() in IE11 throws a React error,2021-03-12 17:51:22+00:00,2022-03-29 23:06:16+00:00,Dremora,gaearon,382.2186805555556
20989,"Error: ""getCommitTree(): Unable to reconstruct tree for root ""1"" and commit 7""",2021-03-12 10:01:53+00:00,2021-03-13 17:18:05+00:00,mungojam,bvaughn,1.3029166666666667
20966,Bug: React test triggers mouseout event for disabled button,2021-03-09 16:47:36+00:00,,tulsidaskhatri,,
20946,Bug: error in effect cleanup function no longer catchable,2021-03-06 07:41:41+00:00,2022-02-23 23:15:38+00:00,eps1lon,eps1lon,354.6485763888889
20941,"Error: ""Cannot read property 'concat' of undefined""",2021-03-05 19:51:00+00:00,2021-03-07 01:11:23+00:00,cbaker,bvaughn,1.2224884259259259
20932,Bug: SuspenseList crash,2021-03-05 00:04:16+00:00,2021-03-07 17:20:02+00:00,gaearon,acdlite,2.7192824074074076
20927,"Error: ""Cannot read property 'concat' of undefined""",2021-03-03 22:51:56+00:00,2021-03-04 14:32:18+00:00,kevin99j,bvaughn,0.6530324074074074
20925,"Error: ""Cannot read property 'isCollapsed' of undefined""",2021-03-03 17:25:46+00:00,2021-03-03 17:29:50+00:00,serdgio999,bvaughn,0.002824074074074074
20917,"Bug: ""Warning: unstable_flushDiscreteUpdates: Cannot flush updates when React is already rendering"" after hitting breakpoint if container height 100%",2021-03-02 23:27:35+00:00,2021-03-03 22:12:24+00:00,benrhere,bvaughn,0.9477893518518519
20899,"Error: ""Commit tree does not contain fiber 1345. This is a bug in React DevTools.""",2021-02-27 09:19:08+00:00,2021-02-27 16:24:09+00:00,Medkhat,bvaughn,0.295150462962963
20884,Bug: React DevTools fails when using React Native + Hermes,2021-02-25 23:07:49+00:00,,helixbass,,
20876,Bug: React DevTools in Firefox doesn't respect UI font size,2021-02-25 01:35:08+00:00,2021-02-25 21:07:02+00:00,craigkovatch,bvaughn,0.8138194444444444
20873,"Error: ""Commit tree does not contain fiber 30168. This is a bug in React DevTools.""",2021-02-24 09:40:48+00:00,2021-02-24 15:32:09+00:00,clothe09986,bvaughn,0.24399305555555556
20860,"Error: ""Commit tree does not contain fiber 158. This is a bug in React DevTools.""",2021-02-22 20:14:13+00:00,2021-02-23 05:27:20+00:00,marcos-prins,rickhanlonii,0.3841087962962963
20856,"Error: ""Commit tree does not contain fiber 18485. This is a bug in React DevTools.""",2021-02-22 05:18:21+00:00,2021-02-22 16:41:22+00:00,Anuragtech02,bvaughn,0.47431712962962963
20770,Bug: Disabled button state update prevents `scrollIntoView`,2021-02-09 18:16:29+00:00,,jjenzz,,
20769,"Error: ""can't access property ""isCollapsed"", child is undefined""",2021-02-09 17:20:35+00:00,2021-02-16 18:23:53+00:00,jarod-a-smith,bvaughn,7.043958333333333
20767,Scheduling profiler: Unrecognized event type from Chrome Canary,2021-02-09 14:00:28+00:00,2021-02-23 16:31:29+00:00,bvaughn,bvaughn,14.104872685185185
20750,Bug: react-hooks/exhaustive-deps false positive when function is casted with TypeScript,2021-02-05 23:05:20+00:00,2024-02-01 20:08:23+00:00,0x24a537r9,eps1lon,1090.8771180555555
20740,"Error: ""Commit tree does not contain fiber 14651. This is a bug in React DevTools.""",2021-02-05 02:26:57+00:00,2021-02-22 16:41:20+00:00,rflprr,bvaughn,17.593321759259258
20725,"Error: ""Commit tree does not contain fiber 4221. This is a bug in React DevTools.""",2021-02-03 17:14:22+00:00,2021-02-04 15:31:43+00:00,nath1as,bvaughn,0.9287152777777777
20696,Bug: React Dev Tools fail to show component updates with memoized components.,2021-01-30 05:35:47+00:00,2021-08-03 15:50:00+00:00,lifeiscontent,bvaughn,185.42653935185186
20689,"Error: ""Commit tree does not contain fiber 3098. This is a bug in React DevTools.""",2021-01-29 10:41:48+00:00,2021-01-29 16:23:43+00:00,laniltee,bvaughn,0.23744212962962963
20675,Bug: FunctionComponent re-render phase cause a bug,2021-01-27 11:36:45+00:00,2021-01-29 15:51:12+00:00,careyke,bvaughn,2.176701388888889
20640,"Error: ""Maximum call stack size exceeded""",2021-01-21 22:18:44+00:00,2021-02-16 18:24:31+00:00,testa19,bvaughn,25.83734953703704
20634,"Error: ""Commit tree already contains fiber 1. This is a bug in React DevTools.""",2021-01-21 04:46:23+00:00,2021-01-21 13:50:32+00:00,knarayanappa,bvaughn,0.37788194444444445
20627,"Error: ""Commit tree already contains fiber 3419. This is a bug in React DevTools.""",2021-01-20 14:35:23+00:00,2021-01-21 13:50:37+00:00,nchristopherteague,bvaughn,0.968912037037037
20613,"Bug: devtools may crash when custom hook has the name ""useState""",2021-01-19 01:50:57+00:00,2025-10-16 17:51:49+00:00,avkonst,rickhanlonii,1731.6672685185185
20597,"Error: ""getCommitTree(): Unable to reconstruct tree for root ""1"" and commit 4""",2021-01-15 11:07:49+00:00,2021-01-15 21:00:02+00:00,renerbaffa,bvaughn,0.4112615740740741
20549,"Error: ""Commit tree does not contain fiber 2672. This is a bug in React DevTools.""",2021-01-05 17:08:25+00:00,2021-01-07 15:27:26+00:00,loqusion,bvaughn,1.9298726851851853
20515,"Error: ""Commit tree already contains fiber 432. This is a bug in React DevTools.""",2020-12-25 10:23:43+00:00,2021-01-21 13:50:40+00:00,lowie1803,bvaughn,27.143715277777776
20512,"Error: ""Commit tree already contains fiber 140. This is a bug in React DevTools.""",2020-12-24 15:08:46+00:00,2021-01-21 13:50:43+00:00,divyanshSrivastava19,bvaughn,27.945798611111112
20504,"Error: ""Commit tree does not contain fiber 19196. This is a bug in React DevTools.""",2020-12-23 10:31:08+00:00,2020-12-23 13:47:23+00:00,pch18,bvaughn,0.1362847222222222
20497,Bug: CSS variables can't be a space character,2020-12-22 04:56:35+00:00,,itsdouges,eps1lon,
20481,Bug: The initial page load fails in IE11 with React 16.14 and above,2020-12-17 15:24:21+00:00,2020-12-17 22:43:48+00:00,baharev,eps1lon,0.30517361111111113
20479,"Error: ""Commit tree does not contain fiber 119. This is a bug in React DevTools.""",2020-12-17 07:27:56+00:00,2020-12-23 13:47:11+00:00,UFOturtle,bvaughn,6.2633680555555555
20431,"Error: ""Commit tree does not contain fiber ""5766"". This is a bug in React DevTools.""",2020-12-11 04:00:11+00:00,2021-04-28 14:29:22+00:00,dixitk13,bvaughn,138.43693287037038
20430,"Error: ""Commit tree already contains fiber 1719. This is a bug in React DevTools.""",2020-12-10 19:01:25+00:00,2020-12-10 19:17:27+00:00,shaloml,bvaughn,0.011134259259259259
20417,Bug: MobX-like observer pattern doesn't work with Fast Refresh because Hooks don't get detected,2020-12-09 20:49:59+00:00,2021-03-30 15:08:51+00:00,Bnaya,gaearon,110.76310185185186
20395,Bug: react-hooks/exhaustive-deps false positive on TypeScript generic type variable,2020-12-07 17:35:28+00:00,2020-12-11 14:58:09+00:00,mschl0ss,eps1lon,3.8907523148148146
20361,"Error: ""getCommitTree(): Unable to reconstruct tree for root ""1"" and commit 12""",2020-12-01 13:16:05+00:00,2020-12-01 22:30:44+00:00,fayzullayev,bvaughn,0.3851736111111111
20343,[eslint-plugin-react-hooks] Bug: ESLint crashes if there's a `useEffect` / `useLayoutEffect` invocation without any arguments.,2020-11-28 15:49:52+00:00,2021-01-11 20:18:46+00:00,latin-1,rickhanlonii,44.18673611111111
20295,"Error: ""Could not find node with id ""7348"" in commit tree""",2020-11-19 03:30:47+00:00,2020-12-21 02:44:12+00:00,RealDrewKlayman,bvaughn,31.96765046296296
20288,"Error: ""Commit tree does not contain fiber 13861. This is a bug in React DevTools.""",2020-11-18 08:32:11+00:00,2020-11-18 15:29:14+00:00,didulalakshitha,bvaughn,0.28961805555555553
20273,"Error: ""Commit tree does not contain fiber 1069. This is a bug in React DevTools.""",2020-11-17 02:46:20+00:00,2020-11-17 21:29:31+00:00,hckhanh,bvaughn,0.7799884259259259
20268,"Error: ""Commit tree already contains fiber 960. This is a bug in React DevTools.""",2020-11-16 11:54:21+00:00,2020-11-16 12:29:21+00:00,ATrogolo,eps1lon,0.024305555555555556
20262,Bug: react-hooks/exhaustive-deps false postive when given undefined as deps,2020-11-15 19:26:35+00:00,,sQVe,,
20261,[DevTools] Components tab goes blank with React 16.8.0,2020-11-15 14:52:32+00:00,2021-07-03 23:31:26+00:00,abelardolg,bvaughn,230.36034722222223
20244,eslint-plugin-react-hooks: eslint doesn't see the conditional operator '??',2020-11-13 04:56:11+00:00,2020-12-01 15:05:46+00:00,buugaaga,eps1lon,18.42332175925926
20204,Bug: eslint-plugin-react-hooks: Cannot read property 'type' of undefined at analyzePropertyChain,2020-11-09 18:15:07+00:00,2021-03-24 16:45:28+00:00,AriPerkkio,gaearon,134.93774305555556
20197,"Error: ""Commit tree does not contain fiber 1527. This is a bug in React DevTools.""",2020-11-09 14:05:38+00:00,2020-12-04 22:06:44+00:00,WilliamCSA04,bvaughn,25.334097222222223
20196,"Bug: eslint-plugin-react-hooks doesn't report conditional typescript ""?."" hooks",2020-11-09 12:17:51+00:00,,exapsy,,
20178,Bug: devtools the expanded state and the state object are out of sync,2020-11-06 11:23:28+00:00,2022-07-23 06:22:25+00:00,a-c-sreedhar-reddy,a-c-sreedhar-reddy,623.7909375
20173,"Error: ""Cannot read property 'length' of undefined""",2020-11-06 04:25:53+00:00,2021-03-31 20:41:12+00:00,wyhinton,wyhinton,145.67730324074074
20166,Bug: React Developer Tools Chrome Extension build error,2020-11-05 18:31:35+00:00,2020-11-05 18:59:07+00:00,mikealmond,bvaughn,0.01912037037037037
20165,"Error: ""Cannot read property 'isCollapsed' of undefined""",2020-11-05 18:29:52+00:00,2020-11-05 19:21:58+00:00,dziekonskik,bvaughn,0.036180555555555556
20162,Bug: react-hooks/exhaustive-deps false positive when deps is defined with typescript const typing,2020-11-05 12:17:58+00:00,2024-02-01 19:30:19+00:00,tranvansang,eps1lon,1183.3002430555555
20161,Bug: Input minLength not working after type changed,2020-11-05 09:45:52+00:00,,ichvandi,,
20145,"Error: ""Commit tree already contains fiber 11324. This is a bug in React DevTools.""",2020-11-02 15:42:32+00:00,2020-11-02 16:45:25+00:00,guilhermeKodama,bvaughn,0.04366898148148148
20132,Bug: New reconciler fork should detach child/sibling pointers if no passive effects,2020-10-29 20:27:44+00:00,2020-10-30 14:27:09+00:00,bvaughn,bvaughn,0.7495949074074074
20131,Bug: Uncaught Error: Unable to find node on an unmounted component in react 17.0.1,2020-10-29 18:27:03+00:00,2021-03-24 16:46:33+00:00,payamt007,gaearon,145.93020833333333
20127,Bug: Can't hydrate useOpaqueIdentifier generated object in another component,2020-10-29 11:20:33+00:00,2021-11-23 23:11:38+00:00,diegohaz,eps1lon,390.49380787037035
20126,Bug: React DevTools chrome warning,2020-10-29 08:35:19+00:00,2020-10-29 13:16:27+00:00,sshmyg,bvaughn,0.19523148148148148
20116,Bug: 通过脚手架创建的项目 编译不报错 运行时依赖报错,2020-10-28 10:58:47+00:00,2020-11-07 14:38:44+00:00,DoFelix,bvaughn,10.152743055555556
20101,"Error: ""Commit tree already contains fiber 601. This is a bug in React DevTools.""",2020-10-26 13:19:27+00:00,2020-10-26 13:51:07+00:00,DenysDdev,bvaughn,0.02199074074074074
20100,Bug: DevTools not finding/showing React components,2020-10-26 12:48:50+00:00,2020-10-29 17:23:58+00:00,Lagicrus,bvaughn,3.1910648148148146
20091,Bug: Chrome DevTools failed to load SourceMap after upgrade to Chrome 86.0.4240.111,2020-10-24 18:34:13+00:00,2020-10-24 20:10:41+00:00,ghost,bvaughn,0.06699074074074074
20077,"Error: ""Commit tree already contains fiber 1. This is a bug in React DevTools.""",2020-10-22 06:18:30+00:00,2020-10-22 21:03:36+00:00,harisraharjo,bvaughn,0.6146527777777778
20075,Bug: Error loading source maps for devtools extension,2020-10-22 04:14:33+00:00,2020-10-22 15:26:33+00:00,Friss,bvaughn,0.4666666666666667
20074,Bug: useEffect Timing changes depending on if Portal was rendered,2020-10-21 14:25:14+00:00,2021-03-31 18:05:24+00:00,jquense,gaearon,161.1528935185185
20069,react-dom 17 breaks on internet explorer,2020-10-21 10:52:51+00:00,2020-10-21 12:17:44+00:00,jsumnerp,gaearon,0.05894675925925926
20052,"Misspelled ""Escape"" event type in Focus.js",2020-10-19 08:21:12+00:00,2022-03-10 04:43:26+00:00,aMarCruz,eps1lon,506.84877314814815
20006,"Error: ""Commit tree does not contain fiber 13258. This is a bug in React DevTools.""",2020-10-13 09:29:06+00:00,2020-10-13 14:17:40+00:00,alifaaz,bvaughn,0.20039351851851853
19970,"Error: ""Cannot read property 'length' of undefined""",2020-10-06 18:13:23+00:00,2020-10-06 18:42:00+00:00,IDrissAitHafid,bvaughn,0.019872685185185184
19965,"Error: ""Commit tree does not contain fiber 329. This is a bug in React DevTools.""",2020-10-05 23:22:54+00:00,2020-10-06 14:32:04+00:00,IDrissAitHafid,bvaughn,0.6313657407407407
19964,"Error: ""Cannot read property 'concat' of undefined""",2020-10-05 23:17:07+00:00,2020-10-06 14:32:40+00:00,IDrissAitHafid,bvaughn,0.6357986111111111
19950,Bug: v17 DEV mode slowness during effect traversal,2020-10-03 04:34:48+00:00,2020-11-13 13:54:43+00:00,joacub,gaearon,41.388831018518516
19948,Bug: unstable_useMutableSource throws error when mutated before subscribe,2020-10-02 19:53:35+00:00,2021-01-29 15:22:56+00:00,SreeniIO,bvaughn,118.81204861111111
19927,"Error: ""Cannot read property 'isCollapsed' of undefined""",2020-09-30 02:34:29+00:00,2021-05-25 18:48:34+00:00,jellydn,bvaughn,237.67644675925925
19923,"Error: ""Commit tree already contains fiber 5823. This is a bug in React DevTools.""",2020-09-29 13:31:18+00:00,2020-09-29 15:05:42+00:00,rjstires,bvaughn,0.06555555555555556
19911,Bug: devtools Profiler causes unexpected errors,2020-09-25 18:18:33+00:00,2020-10-14 17:19:48+00:00,henryqdineen,bvaughn,18.95920138888889
19899,"Error: ""Commit tree does not contain fiber 5402. This is a bug in React DevTools.""",2020-09-24 15:03:20+00:00,2020-09-24 15:27:07+00:00,andyaaz,bvaughn,0.016516203703703703
19861,"Error: ""child is undefined""",2020-09-18 15:28:11+00:00,2020-09-19 14:21:28+00:00,Zoomelectrico,Zoomelectrico,0.9536689814814815
19860,"Bug: input[type=""radio""] controlled value can get out-of-sync",2020-09-18 13:26:15+00:00,,eps1lon,,
19848,Bug: Handling of symbols when used as deps incorrectly to create error message results in an unrelated TypeError: Cannot convert a Symbol value to a string,2020-09-17 13:40:58+00:00,,leidegre,,
19841,Bug: React 17.0.0-rc.1 checkboxes and radio groups sometimes fire onChange incorrectly,2020-09-16 00:29:08+00:00,2020-09-18 16:59:37+00:00,devongovett,gaearon,2.6878356481481482
19839,"Error: ""Maximum call stack size exceeded"" for getCommitTree",2020-09-15 20:56:05+00:00,2021-04-28 20:32:35+00:00,mungojam,bvaughn,224.98368055555557
19816,"Error: ""Commit tree already contains fiber 13006. This is a bug in React DevTools.""",2020-09-11 11:37:21+00:00,2020-09-11 13:39:00+00:00,Ilaiwi,bvaughn,0.08447916666666666
19810,"Bug: eslint-plugin-react-hooks ""Cannot read property parent of null""",2020-09-11 04:22:06+00:00,2020-09-11 12:13:44+00:00,twavv,gaearon,0.32752314814814815
19784,Bug: React DevTools not showing symbols used in state,2020-09-07 09:05:46+00:00,2020-09-14 13:55:36+00:00,bhumijgupta,bvaughn,7.2012731481481485
19751,eslint-plugin-react-hooks: fix compatibility with @typescript-eslint/parser@4.0.0+,2020-09-02 17:01:08+00:00,2020-09-10 10:30:19+00:00,neocturne,gaearon,7.728599537037037
19748,Bug: (17.0.0-rc.1) lazy is eager in dev mode,2020-09-02 10:59:01+00:00,2020-09-21 15:04:50+00:00,nstepien,gaearon,19.17070601851852
19726,Bug: DevTools calls arbitrary generators which may be stateful,2020-08-30 01:03:14+00:00,2020-09-22 18:23:20+00:00,gaearon,bvaughn,23.722291666666667
19701,Bug: `Context.Consumer` inside `Suspense` does not receive context updates while suspended,2020-08-26 18:09:04+00:00,2022-01-19 16:30:35+00:00,overlookmotel,gaearon,510.9316087962963
19677,"Error: ""Commit tree already contains fiber 1152. This is a bug in React DevTools.""",2020-08-22 15:52:29+00:00,2020-08-31 14:48:12+00:00,mdshifut,bvaughn,8.955358796296297
19674,Add SuspenseList to DevTools Element Names,2020-08-21 22:09:50+00:00,2020-08-26 17:04:44+00:00,sebmarkbage,gaearon,4.788125
19661,Bug: eslint-plugin-react-hooks optional chaining in deps,2020-08-20 15:52:59+00:00,2020-08-29 20:03:24+00:00,rteixeirax,gaearon,9.173900462962964
19660,Bug: Infinite iterator in props causes crash in react-dev-tools,2020-08-20 04:49:53+00:00,2020-09-22 18:23:29+00:00,mizukami234,bvaughn,33.565
19639,Bug: Property list does not render repeated spaces properly.,2020-08-18 17:13:11+00:00,2020-08-19 12:50:47+00:00,sammarks,bvaughn,0.8177777777777778
19633,"Error: ""Commit tree does not contain fiber 2094. This is a bug in React DevTools.""",2020-08-18 07:14:13+00:00,2020-10-13 17:38:59+00:00,nyurik,bvaughn,56.43386574074074
19629,Bug: Clicking the troubleshooting instructions button on the devtools opens 2 tabs,2020-08-17 17:28:59+00:00,2020-08-18 14:17:01+00:00,peppizza,bvaughn,0.8666898148148148
19608,Bug: (17.0.0-rc.0) Event propagation through portals is inconsistent,2020-08-13 18:46:02+00:00,2020-08-24 15:50:20+00:00,nstepien,gaearon,10.877986111111111
19602,"Error: ""getCommitTree(): Unable to reconstruct tree for root ""1"" and commit 21""",2020-08-13 12:28:03+00:00,2021-04-28 20:23:53+00:00,bhumijgupta,bvaughn,258.33043981481484
19591,Bug: 'use strict' at global level causes issues with scripts concatenation.,2020-08-12 08:50:57+00:00,2020-08-15 13:42:50+00:00,asimen1,gaearon,3.2026967592592595
19589,Bug: SVG foreignObject misplaced on browser zoom in React app,2020-08-11 17:05:18+00:00,2022-03-30 00:56:46+00:00,maazadeeb,gaearon,595.3274074074075
19563,Bug: Cursor of controlled input of type email jumps to the beginning of input while deleting,2020-08-08 10:50:56+00:00,2020-08-17 12:53:09+00:00,MrDonArmando,gaearon,9.084872685185186
19562,Bug: mouseEnter fires twice in react@next,2020-08-08 10:25:23+00:00,2020-08-10 14:08:23+00:00,eps1lon,gaearon,2.154861111111111
19560,Bug: event.type no longer matches the listener name for onFocus and onBlur,2020-08-07 22:30:51+00:00,2020-08-10 11:54:11+00:00,eps1lon,gaearon,2.5578703703703702
19558,Bug: In react@next ShadowRoot as rootElement in ReactDOM.render crashes,2020-08-07 21:30:44+00:00,2020-08-17 14:47:50+00:00,eps1lon,gaearon,9.720208333333334
19547,"Error: ""Cannot read property 'length' of undefined""",2020-08-06 15:41:45+00:00,2020-10-13 17:40:47+00:00,dzmitry-haawk,bvaughn,68.08266203703704
19545,Bug: Proxy on Context throws an error in DevTools,2020-08-06 14:50:25+00:00,2020-08-12 16:15:54+00:00,timothykrell-hb,bvaughn,6.059363425925926
19530,"Bug: ""Unspecified error"" some of the time in IE11 in iframe",2020-08-04 23:33:58+00:00,2020-08-21 06:57:55+00:00,mparizeau-pdftron,eps1lon,16.308298611111113
19527,"Error: ""Commit tree does not contain fiber 118764. This is a bug in React DevTools.""",2020-08-04 19:24:21+00:00,2020-08-04 20:19:42+00:00,FatehAK,bvaughn,0.0384375
19468,"Error: ""Commit tree already contains fiber 8440. This is a bug in React DevTools.""",2020-07-27 18:13:24+00:00,2020-07-27 20:35:56+00:00,Aksana-Tsishchanka,bvaughn,0.09898148148148148
19443,"Error: ""Commit tree already contains fiber 4194. This is a bug in React DevTools.""",2020-07-24 02:16:05+00:00,2020-07-24 20:16:34+00:00,jwisener,bvaughn,0.7503356481481481
19442,"Error: ""Commit tree already contains fiber 2099. This is a bug in React DevTools.""",2020-07-24 02:15:22+00:00,2020-07-24 20:16:35+00:00,jwisener,bvaughn,0.7508449074074074
19419,Bug: MouseEnter does not fire when coming _from_ disabled elements,2020-07-20 17:18:11+00:00,,jquense,,
19402,"Bug: React Hook ""useContext"" is called in function ""login"" which is neither a React function component or a custom React Hook function  react-hooks/rules-of-hooks",2020-07-18 02:38:33+00:00,2020-07-24 23:58:49+00:00,mfhassan22,gaearon,6.889074074074074
19400,Bug: onFocus and onBlur has inconsistent batching,2020-07-18 01:00:15+00:00,2021-02-10 23:18:16+00:00,samcooke98,gaearon,207.92917824074075
19385,Bug: setState in onFocus breaks onChange event in Concurrent Mode ,2020-07-16 16:17:42+00:00,2020-11-27 12:54:57+00:00,airhorns,eps1lon,133.8592013888889
19383,"Error: ""Commit tree does not contain fiber 3716. This is a bug in React DevTools.""",2020-07-16 08:27:44+00:00,2020-07-16 13:08:22+00:00,denieler,bvaughn,0.19488425925925926
19359,"Error: ""Commit tree does not contain fiber 9869. This is a bug in React DevTools.""",2020-07-15 05:16:57+00:00,2020-07-15 16:26:16+00:00,iktarun,bvaughn,0.46480324074074075
19357,Bug:  4.8.0 released a ton of bugs - Component Tree broken ,2020-07-15 02:04:59+00:00,2020-07-15 16:26:18+00:00,VexyCats,bvaughn,0.5981365740740741
19338,"Bug: react-devtools error when KEY and CERT are provided, SSL not usable",2020-07-13 20:37:50+00:00,2020-07-13 20:50:25+00:00,digicide,bvaughn,0.008738425925925926
19320,Bug: DevTools extension component tree view crashes on empty Suspense element,2020-07-11 13:49:29+00:00,2020-07-13 20:21:57+00:00,Wedvich,bvaughn,2.272546296296296
19312,Bug: Exhaustive deps lint rule mistakingly flags an assignment,2020-07-10 17:41:51+00:00,2020-07-10 18:02:09+00:00,gaearon,gaearon,0.014097222222222223
19308,Bug: Unexpected debugger statement in DevTools (solved),2020-07-10 10:49:41+00:00,2020-07-11 15:50:49+00:00,eiamei,bvaughn,1.2091203703703703
19293,DevTools test script runs the wrong tests,2020-07-09 14:29:56+00:00,2020-07-09 14:49:33+00:00,bvaughn,bvaughn,0.013622685185185186
19290,Bug: Unrelated state update in onKeyDown blocks onChange and breaks controlled component,2020-07-09 11:33:11+00:00,2021-02-10 23:34:46+00:00,GRAMMAC1,gaearon,216.50109953703705
19243,Bug: Cannot read property 'references' of undefined in eslint-plugin-react-hooks v4.0.5,2020-07-02 16:02:21+00:00,2020-07-06 19:52:15+00:00,lencioni,bvaughn,4.159652777777778
19229,CI missing failing tests?,2020-07-01 15:30:08+00:00,2020-08-18 21:05:12+00:00,bvaughn,bvaughn,48.23268518518518
19160,"Error: ""Commit tree already contains fiber 1. This is a bug in React DevTools.""",2020-06-19 08:11:24+00:00,2020-06-22 15:47:56+00:00,mmmols,bvaughn,3.317037037037037
19153,"Error: ""getCommitTree(): Unable to reconstruct tree for root ""1"" and commit 450""",2020-06-18 11:55:48+00:00,2020-06-22 15:52:05+00:00,danialghahremani,bvaughn,4.1640856481481485
19137,"Error: ""Cannot read property 'concat' of undefined""",2020-06-15 14:34:47+00:00,2020-06-16 16:47:22+00:00,neolite,bvaughn,1.0920717592592593
19114,Bug: React Devtools incorrectly updates the setter function of useState hooks,2020-06-10 19:07:59+00:00,2020-10-14 14:24:49+00:00,crimx,bvaughn,125.80335648148149
19107,"Error: ""Commit tree does not contain fiber 35. This is a bug in React DevTools.""",2020-06-09 20:02:23+00:00,2020-06-10 02:46:21+00:00,supreetssethi,bvaughn,0.2805324074074074
19106,"Error: ""Cannot read property 'concat' of undefined""",2020-06-09 19:58:45+00:00,2020-06-10 02:44:12+00:00,supreetssethi,bvaughn,0.2815625
19099,"Bug: TypeError: ""log"" is read-only.",2020-06-08 13:13:10+00:00,2020-06-23 14:34:54+00:00,Jack-Works,bvaughn,15.056759259259259
19094,"Error: ""Cannot read property 'concat' of undefined""",2020-06-06 23:55:57+00:00,2020-06-10 02:44:15+00:00,cquilodran,bvaughn,3.116875
19083,Unexpected warning in react-hooks/exhaustive-deps using optional chaining operator,2020-06-05 22:13:54+00:00,2020-06-30 19:12:37+00:00,jcestibariz,jcestibariz,24.874108796296298
19078,Bug: Form reset lost checkbox onChange event,2020-06-05 08:37:31+00:00,,imagine10255,,
19002,Bug: DevTools tabs don't show up sometimes in latest release,2020-05-26 06:36:35+00:00,2020-07-06 12:49:21+00:00,bengry,bvaughn,41.25886574074074
18985,Bug: Unexpected warning in react-hooks/exhaustive-deps using optional chaining operator,2020-05-23 02:10:24+00:00,2020-05-27 00:23:43+00:00,jcestibariz,gaearon,3.925914351851852
18924,"Error: ""Could not find node with id ""4557"" in commit tree""",2020-05-14 13:10:10+00:00,2020-10-15 18:45:24+00:00,kalyan-k,bvaughn,154.23280092592591
18903,"Error: ""Commit tree does not contain fiber 97. This is a bug in React DevTools.""",2020-05-13 10:39:40+00:00,2020-05-18 20:49:53+00:00,tarto-dev,bvaughn,5.423761574074074
18902,[eslint-plugin-react-hooks] Bug: warning on `useWithoutEffectSuffix`,2020-05-13 07:00:10+00:00,2020-05-13 15:57:14+00:00,surgeboris,surgeboris,0.37296296296296294
18877,"Error: ""Commit tree already contains fiber 10819. This is a bug in React DevTools.""",2020-05-09 12:57:43+00:00,2020-05-11 23:31:38+00:00,ahsan7786,bvaughn,2.4402199074074074
18859,"Error: ""Commit tree already contains fiber ""19587"". This is a bug in React DevTools.""",2020-05-07 13:49:45+00:00,2021-05-05 02:28:17+00:00,phoenisx,bvaughn,362.5267592592593
18844,Bug: Render after suspense is thrown away leaving DOM unmatched with state,2020-05-06 16:31:08+00:00,2020-06-30 21:06:47+00:00,joeljeske,gaearon,55.19142361111111
18831,"Error: ""Commit tree does not contain fiber 256. This is a bug in React DevTools.""",2020-05-05 18:01:22+00:00,2020-07-15 16:25:28+00:00,RickeyWard,bvaughn,70.93340277777777
18824,"Error: ""Could not find commit data for root ""98"" and commit 8""",2020-05-05 03:09:21+00:00,2020-05-07 23:41:44+00:00,WaSheep,bvaughn,2.855821759259259
18804,"Error: ""Could not find commit data for root ""957"" and commit 2""",2020-05-02 17:13:34+00:00,2020-05-07 23:41:47+00:00,rohanvachheta,bvaughn,5.2695949074074075
18798,"Error: ""Cannot read property 'duration' of undefined""",2020-05-01 12:41:08+00:00,2020-05-08 00:07:21+00:00,shiftyp,bvaughn,6.4765393518518515
18786,"Error: ""Cannot read property 'duration' of undefined""",2020-04-30 00:58:44+00:00,2020-05-19 21:14:11+00:00,sebmarkbage,bvaughn,19.8440625
18768,Bug: `React.lazy` throws undefined instead of an `Error` object,2020-04-28 15:13:02+00:00,2021-06-07 21:47:18+00:00,mischnic,sebmarkbage,405.27379629629627
18754,"Error: ""Commit tree does not contain fiber 3204. This is a bug in React DevTools.""",2020-04-27 15:01:21+00:00,2020-05-07 23:36:05+00:00,jucian0,bvaughn,10.357453703703703
18701,"Error: ""Commit tree does not contain fiber 55875. This is a bug in React DevTools.""",2020-04-22 12:00:47+00:00,2020-04-23 06:10:55+00:00,Lukavyi,Lukavyi,0.7570370370370371
18657,Bug: Normal update between Idle render and a Ping causes Fallback to get stuck,2020-04-17 17:46:44+00:00,2020-04-17 23:32:56+00:00,gaearon,acdlite,0.24041666666666667
18644,"Bug: Idle updates may cause normal priority updates to get ""stuck""",2020-04-16 17:49:41+00:00,2020-06-29 18:19:38+00:00,gaearon,gaearon,74.0207986111111
18591,Bug: Bubbled onFocus handler that triggers an update prevents onChange handler in createRoot,2020-04-13 17:40:05+00:00,2021-02-10 23:48:28+00:00,hamlim,gaearon,303.2558217592593
18544,Bug: Devtools in Firefox does not allow adding props or editing props/state/hooks,2020-04-08 20:24:37+00:00,2020-04-17 12:54:04+00:00,hbarcelos,hbarcelos,8.687118055555555
18518,Bug: DevTools search filtering removes a space,2020-04-07 12:27:24+00:00,2020-04-07 17:28:22+00:00,gaearon,bvaughn,0.20900462962962962
18514,Bug: Dev Tools: TypeError: Cannot read property 'memoizedState' of null,2020-04-07 00:58:24+00:00,2020-04-07 17:30:25+00:00,bradzacher,bvaughn,0.6889004629629629
18502,Bug: Server hydration mistmatch and radio group with defaultChecked,2020-04-06 10:24:24+00:00,,leoasis,,
18486,Bug: Dropped update when render phase update happens before suspending,2020-04-04 00:49:12+00:00,2020-04-08 02:17:02+00:00,gaearon,acdlite,4.06099537037037
18460,Bug: Suspense fallbacks potentially never showing due to a race,2020-04-01 22:25:36+00:00,2022-03-30 00:32:22+00:00,gaearon,gaearon,727.0880324074074
18429,"Bug: SuspenseList revealOrder=""together"" and error boundaries",2020-03-29 12:03:27+00:00,2020-04-01 05:26:57+00:00,eps1lon,eps1lon,2.7246527777777776
18398,"Error: ""Could not find commit data for root ""220"" and commit 65""",2020-03-26 17:48:11+00:00,2020-03-27 16:59:07+00:00,georeith,bvaughn,0.965925925925926
18357,Bug: High-pri setState causes primary tree to get unhidden,2020-03-20 18:08:47+00:00,2020-03-30 18:25:05+00:00,gaearon,acdlite,10.011319444444444
18353,Bug: Updates in the primary tree only unsuspend once,2020-03-20 01:41:21+00:00,2020-03-26 18:31:41+00:00,gaearon,acdlite,6.70162037037037
18256,"Error: ""Cannot read property 'concat' of undefined""",2020-03-09 17:40:03+00:00,2020-10-13 17:38:59+00:00,byronanderson,bvaughn,217.99925925925925
18208,Bug: [eslint-plugin-react-hooks] recommended config rules did not work,2020-03-04 10:59:24+00:00,2020-05-01 16:04:13+00:00,bobaaaaa,gaearon,58.21167824074074
18128,Bug: input won't trigger onChange after a chain of setStates,2020-02-25 15:54:28+00:00,2021-06-23 21:19:53+00:00,voliva,gaearon,484.2259837962963
18101,"Arbitrary log lines may appear in between an error and the subsequent ""The above error…"" message",2020-02-21 23:08:59+00:00,,sophiebits,,
18098,Bug: Unexpected render,2020-02-21 20:47:07+00:00,,TriStarGod,,
18085,"Bug: [eslint-plugin-react-hooks] In comment, the version notation is broken.",2020-02-20 03:44:54+00:00,2020-04-03 13:44:38+00:00,pvcresin,gaearon,43.41648148148148
18051,"Bug: [eslint-plugin-react-hooks] exhaustive-deps false positive on ""unnecessary"" dependency if its a React component",2020-02-17 12:24:15+00:00,,zeorin,,
18033,"DevTools Profiler: ""getCommitTree(): Unable to reconstruct tree for root ""…"" and commit …""",2020-02-13 13:45:57+00:00,2020-03-25 17:28:03+00:00,morfioce,bvaughn,41.15423611111111
18026,`displayName` from memoized components should be taken into account in DevTools,2020-02-12 13:33:21+00:00,2020-08-19 07:22:40+00:00,wild-lotus,eps1lon,188.7425810185185
18020,Bug: event.preventDefault is wrecking havoc with startTransition,2020-02-11 21:41:06+00:00,2020-04-07 20:34:42+00:00,arackaf,acdlite,55.95388888888889
18010,"DevTools Profiler: ""Could not find commit data for root …""",2020-02-10 19:24:14+00:00,2020-05-12 22:47:24+00:00,bvaughn,bvaughn,92.14108796296296
17953,Bug: useReducer runs the queued updates with new props,2020-02-01 07:58:03+00:00,2021-09-27 23:25:11+00:00,a-c-sreedhar-reddy,acdlite,604.6438425925926
17945,Passive effect destroy and create functions are interleaved,2020-01-31 18:49:40+00:00,2020-05-28 15:32:38+00:00,bvaughn,bvaughn,117.8631712962963
17935,Bug: Excessive cpu usage of the page when react-devtools is active,2020-01-30 10:19:22+00:00,2020-04-06 15:17:46+00:00,myshov,gaearon,67.20722222222223
17918,Bug: infinite loop when a set state hook is called in a global handler,2020-01-28 13:06:29+00:00,2020-08-23 10:10:45+00:00,OrKoN,eps1lon,207.87796296296295
17909,Bug: Events from an <input> in the <legend> of a disabled <fieldset> get supressed,2020-01-25 11:35:42+00:00,2020-01-28 22:58:17+00:00,MatthijsMud,bvaughn,3.474016203703704
17895,Bug: fix BigInt in copyElementPath in react-devtools,2020-01-23 11:59:29+00:00,2020-01-31 22:36:00+00:00,leidegre,bvaughn,8.442025462962963
17872,"Error: ""Could not find node with id ""2153"" in commit tree""",2020-01-20 09:09:40+00:00,2020-03-25 17:28:41+00:00,cristinamarin22,bvaughn,65.34653935185185
17855,Bug: DevTools DOM highlighting gets stuck after a prolonged hover,2020-01-16 17:16:35+00:00,,gaearon,,
17845,Bug: Uncaught TypeError: Cannot read property 'nextSibling' of null,2020-01-15 03:56:28+00:00,2020-03-16 20:35:14+00:00,bethanyaconnor,gaearon,61.693587962962965
17832,[react-devtools-extensions] Bug: Uncaught TypeError: Cannot read property 'sub' of undefined when navigating to plain-text pages,2020-01-14 09:43:10+00:00,2020-02-02 20:04:49+00:00,ivan-aksamentov,bvaughn,19.43170138888889
17823,"Error: ""Could not find node with id ""32"" in commit tree""",2020-01-12 05:04:15+00:00,2020-01-12 19:22:11+00:00,amitbaral,necolas,0.5957870370370371
17821,"Error: ""Could not find node with id ""350"" in commit tree""",2020-01-10 23:55:25+00:00,2020-01-11 16:01:12+00:00,tofikabdullayev,bvaughn,0.6706828703703703
17819,"Error: ""f.hasOwnProperty is not a function""",2020-01-10 11:31:27+00:00,2020-01-10 18:25:17+00:00,chkp-michaelo,lunaruan,0.28738425925925926
17813,[DevTools] Component inspector not loading for large components,2020-01-09 17:12:37+00:00,2020-01-09 18:34:08+00:00,katz12,lunaruan,0.056608796296296296
17803,"Error: ""Could not find node with id ""45"" in commit tree""",2020-01-08 13:29:11+00:00,2020-01-08 15:49:22+00:00,klepikov-denys,klepikov-denys,0.09734953703703704
17802,"Error: ""Could not find node with id ""27720"" in commit tree""",2020-01-08 09:09:11+00:00,2020-01-09 18:04:15+00:00,vkouk,lunaruan,1.371574074074074
17796,"Error: ""Could not find node with id ""834"" in commit tree""",2020-01-07 15:55:45+00:00,2020-01-07 15:56:50+00:00,marcinant,bvaughn,0.0007523148148148148
17795,"Error: ""Could not find node with id ""815"" in commit tree""",2020-01-07 11:45:11+00:00,2020-01-07 15:56:41+00:00,elvisjfern,bvaughn,0.17465277777777777
17788,"Error: ""Could not find node with id ""1804"" in commit tree""",2020-01-06 13:33:48+00:00,2020-01-06 17:23:23+00:00,gricard,bvaughn,0.15943287037037038
17785,"Error: ""Context menu with id ""SelectedElement"" already registered.""",2020-01-06 09:48:35+00:00,2020-01-11 16:15:06+00:00,MrOrgani,bvaughn,5.268414351851852
17769,"Error: ""Could not find node with id ""1145"" in commit tree"" on React Profiler",2020-01-03 18:16:47+00:00,2020-01-03 21:38:28+00:00,fidellr,bvaughn,0.14005787037037037
17767,Cannot analyse component State,2020-01-03 14:13:20+00:00,2020-01-03 16:41:37+00:00,rakhi2104,bvaughn,0.10297453703703703
17764,"React Developer Tools react-router-dom e.hasOwnProperty is not a function, Cannot read property 'name' of undefined",2020-01-03 10:09:22+00:00,2020-01-03 16:47:53+00:00,yrambler2001,bvaughn,0.27674768518518517
17761,"Error: ""f.hasOwnProperty is not a function""",2020-01-03 03:51:53+00:00,2020-01-03 17:34:13+00:00,yume-chan,bvaughn,0.5710648148148149
17754,DevTools can't inspect object without prototype,2020-01-02 09:56:13+00:00,2020-01-02 16:27:30+00:00,yume-chan,bvaughn,0.27172453703703703
17752,"Error: ""Could not find node with id ""2456"" in commit tree""",2020-01-02 02:23:32+00:00,2020-01-02 15:32:46+00:00,vohuuhuy,bvaughn,0.5480787037037037
17750,"Error: ""Could not find commit data for root ""5621"" and commit 7""",2019-12-31 13:04:12+00:00,2019-12-31 16:07:22+00:00,ashercoren,bvaughn,0.12719907407407408
17749,"Error: ""Could not find node with id ""57"" in commit tree""",2019-12-31 08:56:10+00:00,2019-12-31 16:06:55+00:00,ngoxuanhien,bvaughn,0.29913194444444446
17741,hydrate SVG error: Expected server HTML to contain a matching <clipPath> in <svg>,2019-12-29 19:33:12+00:00,2022-03-30 00:22:36+00:00,benbot,gaearon,821.2009722222223
17735,"Error: ""Could not find node with id ""5268"" in commit tree""",2019-12-29 04:21:45+00:00,2019-12-29 16:09:58+00:00,cellog,bvaughn,0.49181712962962965
17734,"Error: ""Could not find node with id ""318"" in commit tree""",2019-12-28 21:16:44+00:00,2019-12-29 16:10:00+00:00,dmi3x,bvaughn,0.7869907407407407
17715,"Error: ""Could not find node with id ""6"" in commit tree""",2019-12-26 06:53:33+00:00,2019-12-26 14:03:58+00:00,meet-panchal,bvaughn,0.29890046296296297
17714,"Error: ""Could not find node with id ""72"" in commit tree""",2019-12-25 22:49:08+00:00,2019-12-26 14:04:01+00:00,youhosi,bvaughn,0.6353356481481481
17698,"Error: ""Could not find node with id ""66"" in commit tree""",2019-12-23 18:03:03+00:00,2019-12-23 18:26:26+00:00,pancedubrovski,pancedubrovski,0.016238425925925927
17696,"Error: ""Could not find node with id ""50"" in commit tree""",2019-12-23 15:43:41+00:00,2019-12-25 02:34:25+00:00,bendevjunior,bvaughn,1.451898148148148
17684,"Error: ""Could not find node with id ""312"" in commit tree""",2019-12-21 08:34:59+00:00,2019-12-21 16:16:26+00:00,developerium,bvaughn,0.3204513888888889
17682,"Error: ""Could not find node with id ""51"" in commit tree""",2019-12-20 23:42:24+00:00,2019-12-21 01:40:41+00:00,harrynortham,bvaughn,0.0821412037037037
17670,DevTools crashes (`levelChildren` is undefined) when selecting a component in Flamegraph view,2019-12-19 23:56:35+00:00,2019-12-21 16:12:40+00:00,justingrant,bvaughn,1.6778356481481482
17667,"Error: ""Could not find node with id ""28540"" in commit tree""",2019-12-19 20:48:35+00:00,2019-12-19 21:44:08+00:00,duanelo,bvaughn,0.03857638888888889
17662,"Error: ""Could not find node with id ""47989"" in commit tree""",2019-12-19 16:02:28+00:00,2019-12-19 16:02:52+00:00,jedzej,jedzej,0.0002777777777777778
17661,"Error: ""Could not find node with id ""638"" in commit tree""",2019-12-19 13:59:21+00:00,2019-12-19 21:44:08+00:00,GeceGibi,bvaughn,0.3227662037037037
17657,"Error: ""Could not find node with id ""5082"" in commit tree""",2019-12-19 10:11:14+00:00,2019-12-19 21:44:09+00:00,GiardEmilien,bvaughn,0.48119212962962965
17655,"Error: ""Could not find node with id ""436"" in commit tree""",2019-12-19 05:57:55+00:00,2019-12-19 21:44:10+00:00,world56,bvaughn,0.6571180555555556
17652,DevTools copy operations don't work in Firefox,2019-12-18 20:06:25+00:00,2019-12-22 16:15:14+00:00,bvaughn,bvaughn,3.8394560185185185
17646,"Error: ""Could not find node with id ""479"" in commit tree""",2019-12-18 11:09:16+00:00,2019-12-18 20:04:28+00:00,naceur-dev,bvaughn,0.37166666666666665
17637,"Error: ""Could not find node with id ""52381"" in commit tree""",2019-12-17 12:55:30+00:00,2019-12-18 20:04:25+00:00,misnard,bvaughn,1.2978587962962962
17620,Firefox React DevTools breaks XML formatting,2019-12-16 13:46:30+00:00,2019-12-29 21:02:51+00:00,henrik242,bvaughn,13.303020833333333
17619,"Error: ""Could not find node with id ""674"" in commit tree""",2019-12-16 13:30:25+00:00,2019-12-16 20:27:16+00:00,OttlikG,bvaughn,0.2894791666666667
17610,"Error: ""Could not find node with id ""44169"" in commit tree""",2019-12-15 08:17:48+00:00,2019-12-18 20:04:22+00:00,cissygao,bvaughn,3.4906712962962962
17609,Controlled numeric input gets cleared when unfocused,2019-12-15 01:10:16+00:00,,kripod,stale[bot],
17603,"Error: ""Could not find node with id ""39"" in commit tree""",2019-12-14 16:58:28+00:00,2019-12-16 20:27:42+00:00,alexzhurov,bvaughn,2.145300925925926
17600,"Error: ""Could not find node with id ""26038"" in commit tree""",2019-12-13 21:36:24+00:00,2019-12-13 21:41:34+00:00,dmitryrn,aweary,0.003587962962962963
17592,"Error: ""Could not find node with id ""5"" in commit tree""",2019-12-13 02:58:09+00:00,2019-12-13 19:11:34+00:00,petersantoso94,aweary,0.6759837962962963
17578,"Error: ""Could not find node with id ""6"" in commit tree""",2019-12-11 22:45:02+00:00,2019-12-12 00:18:21+00:00,danzhu54,bvaughn,0.06480324074074074
17574,"Error: ""Could not find node with id ""836"" in commit tree""",2019-12-11 10:24:08+00:00,2019-12-11 18:28:46+00:00,disko998,aweary,0.33655092592592595
17558,"Error: ""Could not find node with id ""75"" in commit tree""",2019-12-09 21:37:03+00:00,2019-12-09 21:43:37+00:00,richtone,bvaughn,0.004560185185185185
17557,"Error: ""Could not find node with id ""30"" in commit tree""",2019-12-09 20:29:13+00:00,2019-12-09 21:43:31+00:00,DCAlexandre,bvaughn,0.051597222222222225
17535,"Error: ""Could not find node with id ""1758"" in commit tree""",2019-12-05 13:23:38+00:00,2019-12-07 16:29:41+00:00,mohsan-ab,aweary,2.1292013888888888
17533,"Error: ""Could not find node with id ""275099"" in commit tree""",2019-12-05 10:28:00+00:00,2019-12-07 16:29:47+00:00,askirmas,aweary,2.251238425925926
17525,"Error: ""Could not find node with id ""15081"" in commit tree""",2019-12-04 12:47:13+00:00,2019-12-09 21:42:57+00:00,Yellowhill,bvaughn,5.372037037037037
17507,"Error: ""Could not find node with id ""18486"" in commit tree""",2019-12-03 08:09:08+00:00,2019-12-03 15:41:53+00:00,boteeka,bvaughn,0.31440972222222224
17503,"Error: ""Could not find node with id ""490"" in commit tree""",2019-12-02 18:36:28+00:00,2019-12-02 18:57:27+00:00,rgehan,aweary,0.01457175925925926
17501,"Error: ""Could not find node with id ""5021"" in commit tree""",2019-12-02 16:54:36+00:00,2019-12-02 18:56:57+00:00,talolard,aweary,0.08496527777777778
17500,"Error: ""Could not find node with id ""5203"" in commit tree""",2019-12-02 15:32:21+00:00,2019-12-03 15:41:56+00:00,jonasthiesen,bvaughn,1.0066550925925926
17495,ConcurrentMode suspend child alongside of input,2019-12-01 10:17:18+00:00,2020-06-29 19:06:13+00:00,mh-alahdadian,gaearon,211.36730324074074
17486,"Error: ""Could not find commit data for root ""3971"" and commit 3""",2019-11-28 18:11:11+00:00,2019-12-02 09:30:48+00:00,Wellers0n,bvaughn,3.6386226851851853
17465,"Error: ""Could not find node with id ""113994"" in commit tree""",2019-11-26 18:50:30+00:00,2019-11-26 19:08:24+00:00,qoalu,bvaughn,0.012430555555555556
17447,"Error: ""Could not find commit data for root ""335"" and commit 2""",2019-11-24 19:11:47+00:00,2019-11-26 19:16:02+00:00,vadamk,bvaughn,2.002951388888889
17444,"Error: ""getCommitTree(): Unable to reconstruct tree for root ""1"" and commit 21""",2019-11-24 15:38:33+00:00,2019-11-26 19:16:31+00:00,mengxuhui,bvaughn,2.151365740740741
17432,Devtools : highlight box is shown too small.,2019-11-22 10:43:23+00:00,2020-05-21 17:04:38+00:00,soulcactus,bvaughn,181.26475694444446
17356,Memoized child of Suspense component doesn't update when Context updates.,2019-11-13 20:11:50+00:00,2020-06-30 21:06:47+00:00,jcarroll2007,gaearon,230.03815972222222
17355,"""Should not already be working"" in Firefox after a breakpoint/alert",2019-11-13 16:35:19+00:00,,gzzo,,
17352,Upgrade Rollup to 0.68.1+,2019-11-13 04:07:32+00:00,2021-06-30 13:38:45+00:00,MicahZoltu,bvaughn,595.3966782407407
17301,react-test-renderer: the findByType method doesn't work with memo components,2019-11-07 09:39:23+00:00,,bensampaio,,
17292,"Error: ""Could not find commit data for root ""729"" and commit 2""",2019-11-06 19:11:13+00:00,2019-11-26 19:15:39+00:00,elliott-greaves-babylon-health,bvaughn,20.003078703703704
17279,It's confusing that useTransition doesn't do anything outside of user-blocking events,2019-11-05 17:29:14+00:00,2019-11-15 22:46:51+00:00,gaearon,gaearon,10.220567129629629
17273,useTransition's startTransition function can result in infinite loop when it's included as a useEffect dependency,2019-11-04 23:12:15+00:00,2020-08-28 18:49:01+00:00,kentcdodds,acdlite,297.8171990740741
17272,"When calling a useTransition startTransition callback outside of event handlers, isPending is never set to true",2019-11-04 22:49:03+00:00,2019-11-15 23:46:10+00:00,kentcdodds,acdlite,11.039664351851853
17239,Blink with useTransition,2019-10-31 15:33:52+00:00,2021-06-23 21:25:10+00:00,gregberge,gaearon,601.2439583333334
17229,onMouseEnter is fired on disabled buttons,2019-10-30 21:31:43+00:00,2020-02-26 21:08:18+00:00,diegohaz,gaearon,118.98373842592592
17207,Bug: react-devtools TypeError: Do not know how to serialize a BigInt,2019-10-29 12:07:08+00:00,2019-12-04 15:53:01+00:00,leidegre,bvaughn,36.15686342592593
17202,"Error: ""Could not find node with id ""1681"" in commit tree""",2019-10-28 09:53:08+00:00,2019-10-29 16:00:12+00:00,asmyshlyaev177,bvaughn,1.2549074074074074
17185,useDeferredValue does not abort running reconcile work for stale value,2019-10-25 22:59:18+00:00,2021-03-23 22:20:52+00:00,Bnaya,gaearon,514.9733101851851
17170,"dangerouslySetInnerHTML, children, and a bogus hydration warning",2019-10-23 11:13:04+00:00,2020-04-20 17:46:56+00:00,jaydenseric,gaearon,180.27351851851853
17157,[DOM] Add support for the `inert` attribute,2019-10-21 12:06:09+00:00,2024-03-13 22:10:42+00:00,kripod,eps1lon,1605.4198263888889
17151,Bailing out doesn't work properly in lazy components with default props,2019-10-20 15:58:13+00:00,2020-04-08 09:58:58+00:00,jddxf,gaearon,170.75052083333333
17134,React Devtools should produce a better error message when integers are present as keys on react elements,2019-10-18 08:42:25+00:00,2019-10-29 15:41:49+00:00,alexkolson,bvaughn,11.29125
17133,"Error: ""Could not find node with id ""291"" in commit tree""",2019-10-18 04:04:55+00:00,2019-10-21 21:54:07+00:00,lth707,bvaughn,3.7425
17123,"Error: ""Could not find commit data for root ""226"" and commit 6""",2019-10-16 21:55:57+00:00,2019-10-21 21:53:28+00:00,smoores-dev,bvaughn,4.998275462962963
17066,useEffect callback never called,2019-10-11 11:36:40+00:00,2019-11-14 16:55:37+00:00,pschiffmann,acdlite,34.221493055555555
17052,"Error: ""Could not find node with id ""952"" in commit tree""",2019-10-09 13:10:15+00:00,2019-10-09 16:25:58+00:00,hardikbeladiya,bvaughn,0.13591435185185186
17047,"Error: ""Could not find commit data for root ""34103"" and commit 1""",2019-10-08 21:26:53+00:00,2019-10-09 16:26:54+00:00,villesau,bvaughn,0.7916782407407408
17033,Annoying popup from chrome devtools wrongly telling me I'm using an old version of React,2019-10-07 15:32:38+00:00,2020-10-28 13:43:53+00:00,LukenAgile42,bvaughn,386.9244791666667
16994,Profiler calling onRender for component updates outside of the Profiler tree,2019-10-02 22:11:37+00:00,2019-10-30 18:08:43+00:00,kentcdodds,bvaughn,27.831319444444443
16952,Devtools extension does not show elements from local files,2019-09-29 10:28:49+00:00,2019-09-30 15:31:31+00:00,nickserv,bvaughn,1.2102083333333333
16950,"Error: ""Maximum call stack size exceeded""",2019-09-29 08:46:37+00:00,2019-09-29 16:30:17+00:00,loverdeveloper,bvaughn,0.32199074074074074
16926,"Error: ""Minified React error"" in React dev tools when using Components tab",2019-09-27 14:29:52+00:00,2019-09-28 00:09:11+00:00,tchaffee,bvaughn,0.40230324074074075
16925,"Error: ""Minified React error #301""",2019-09-27 13:32:31+00:00,2019-09-28 00:09:14+00:00,AkitoItashi,bvaughn,0.4421643518518519
16859,"DevTools: hooks with numbers, strings or booleans show as undefined",2019-09-23 11:12:10+00:00,2019-09-23 19:56:02+00:00,cxcorp,bvaughn,0.3637962962962963
16843,DevTools: showing wrong state,2019-09-20 13:24:58+00:00,2019-09-25 17:46:27+00:00,Kogoruhn,bvaughn,5.181585648148148
16832,eslint-plugin-react-hooks: 'Hook is being called conditionally' error outside condition,2019-09-19 11:26:39+00:00,2020-02-25 11:39:20+00:00,cbdeveloper,gaearon,159.00880787037036
16818,"Error: ""Could not find commit data for root ""1"" and commit 6"" - ReactDevTools",2019-09-18 11:22:37+00:00,2019-09-18 11:56:31+00:00,aravindballa,threepointone,0.023541666666666666
16813,"Error: ""Could not find commit data for root ""259"" and commit 1""",2019-09-17 20:08:55+00:00,2019-09-17 21:38:11+00:00,scottmccreary,bvaughn,0.06199074074074074
16808,DevTools: Updating numeric state through incrementer/decrementer doesn't render the updated value ,2019-09-17 16:08:22+00:00,2019-09-17 17:48:46+00:00,13thThief,bvaughn,0.06972222222222223
16789,"Error: ""Could not find node with id ""16070"" in commit tree""",2019-09-16 09:03:53+00:00,2019-09-16 15:47:33+00:00,psamim,bvaughn,0.28032407407407406
16773,[Concurrent Mode] App stops updating/rendering on inactive tab,2019-09-13 03:10:12+00:00,2019-09-14 02:11:58+00:00,brunolemos,brunolemos,0.9595601851851852
16763,Component sometimes fires event handlers twice,2019-09-12 12:38:47+00:00,2019-10-24 18:18:46+00:00,patrick-radulian,aweary,42.236099537037035
16734,"window.print() crashes if a 'print' event listener causes a rerender (Chrome, DEV-mode only)",2019-09-10 17:05:25+00:00,2020-07-01 14:33:30+00:00,mwszekely,gaearon,294.8945023148148
16711,"Error: ""Could not find node with id ""44300"" in commit tree""",2019-09-09 15:10:14+00:00,2019-09-09 15:28:25+00:00,ghost,threepointone,0.012627314814814815
16691,DevTools: Failed to execute 'postMessage' on 'Window': #<HTMLAllCollection> could not be cloned.,2019-09-06 22:12:51+00:00,2020-08-21 13:31:17+00:00,jimniels,gaearon,349.63780092592594
16690,Troubleshooting instructions link update,2019-09-06 21:16:35+00:00,2019-09-25 16:18:59+00:00,tessawiedmann,bvaughn,18.793333333333333
16686,Compile error `react-refresh/babel` 0.4.0,2019-09-06 16:55:45+00:00,2019-09-06 18:58:08+00:00,natew,gaearon,0.08498842592592593
16636,"Error: ""Could not find node with id ""3742"" in commit tree""",2019-09-02 13:52:59+00:00,2019-09-02 14:00:11+00:00,albertobisello,threepointone,0.005
16629,Chrome Extension Background Page and useEffect Not Triggered,2019-08-31 02:56:16+00:00,2020-03-16 23:27:36+00:00,mikecann,mikecann,198.8550925925926
16620,"Error: ""getCommitTree(): Unable to reconstruct tree for root ""1"" and commit 38""",2019-08-30 13:41:45+00:00,2019-08-30 14:36:27+00:00,anton-trautman,bvaughn,0.03798611111111111
16616,"Error: ""Cannot modify filter preferences while profiling""",2019-08-30 06:58:11+00:00,2019-08-30 15:23:31+00:00,har-sargis,bvaughn,0.3509259259259259
16606,"TypeError: ""'requestAnimationFrame' called on an object that does not implement interface Window.""",2019-08-29 05:25:38+00:00,,Jack-Works,,
16599,New plugin not working after change any props in debugger tools,2019-08-28 14:49:53+00:00,2021-04-28 20:39:03+00:00,sagar-k,bvaughn,609.2424768518518
16585,useState's setState hangs when called in closed window,2019-08-27 14:32:08+00:00,2020-07-01 14:33:30+00:00,aaronjensen,gaearon,309.0009490740741
16573,[react-hooks/exhaustive-deps] missed warning when passing a function,2019-08-26 19:19:58+00:00,2020-03-31 01:09:33+00:00,whatisaphone,gaearon,217.2427662037037
16568,"Error: ""getCommitTree(): Unable to reconstruct tree for root ""1"" and commit 1""",2019-08-26 03:49:43+00:00,2019-08-26 15:38:14+00:00,jonatanalava,bvaughn,0.49202546296296296
16564,Firefox browser console opens randomly blank after installing react dev tools,2019-08-24 04:50:05+00:00,2019-09-14 03:29:57+00:00,dehghani-mehdi,bvaughn,20.944351851851852
16562,DevTools: TypeError: Cannot read property '0' of null,2019-08-23 18:43:03+00:00,2019-08-23 20:40:32+00:00,chrisnojima,bvaughn,0.08158564814814814
16556,React DevTools not persisting settings,2019-08-23 15:08:58+00:00,2019-08-23 17:50:00+00:00,brianblakely,bvaughn,0.11182870370370371
16551,"Error: ""Could not find node with id ""339"" in commit tree""",2019-08-23 10:18:20+00:00,2019-08-23 14:42:26+00:00,Wenhan129,bvaughn,0.18340277777777778
16550,Devtools scrollbar hides flamegraph,2019-08-23 02:55:42+00:00,2021-04-28 20:38:47+00:00,Curzy,bvaughn,614.7382523148148
16547,Devtools v4 does not work with Firefox's private window,2019-08-22 16:42:22+00:00,,tetsuharuohzeki,,
16536,"Error: ""Could not find commit data for root ""1180"" and commit 2""",2019-08-22 05:52:20+00:00,2019-08-23 14:39:46+00:00,rohanvachheta,bvaughn,1.366273148148148
16534,"Error: ""getCommitTree(): Unable to reconstruct tree for root ""1"" and commit 4""",2019-08-22 00:11:57+00:00,2019-08-23 14:48:41+00:00,eunsookim,bvaughn,1.6088425925925927
16527,DevTools: Profiler: Save profile does nothing on Firefox,2019-08-21 18:04:11+00:00,2019-09-03 15:35:13+00:00,deadmau6,bvaughn,12.896550925925926
16506,"Error: ""Could not find commit data for root ""1896"" and commit 16""",2019-08-20 10:06:36+00:00,2020-02-10 19:19:34+00:00,grazlucinskas,bvaughn,174.38400462962963
16501,Getting maximum call stack exceeded on backend.js when rendering many elements.,2019-08-20 02:40:23+00:00,2021-04-28 14:29:32+00:00,ryan-rushton,bvaughn,617.4924652777778
16499,Wrong tab suggestion label in DevTools,2019-08-20 01:15:56+00:00,2019-09-03 17:38:50+00:00,gaearon,bvaughn,14.682569444444445
16495,DevTools: Components tree is sometimes unexpectedly empty after navigation,2019-08-19 22:27:13+00:00,,bvaughn,,
16488,DevTools: Re-enable postMessage transferable for faster ArrayBuffer transfers,2019-08-19 22:24:43+00:00,,bvaughn,,
16487,DevTools: Crashes and warnings when quickly collapsing,2019-08-19 22:24:17+00:00,,bvaughn,,
16486,DevTools: Elements height being clipped by console,2019-08-19 22:20:56+00:00,2021-04-28 20:35:46+00:00,bvaughn,bvaughn,617.9269675925926
16485,DevTools: Overlay stays after devtools are closed,2019-08-19 22:20:03+00:00,2019-09-30 20:10:53+00:00,bvaughn,bvaughn,41.910300925925924
16475,React DevTools: Welcome screen keeps showing up,2019-08-19 21:52:14+00:00,2019-09-19 15:41:26+00:00,alex-kinokon,bvaughn,30.7425
16465,DevTools: Occasional FOUC when loading DevTools,2019-08-19 21:38:01+00:00,,bvaughn,,
16464,DevTools: Tooltips appear to be Times New Roman in Firefox,2019-08-19 21:36:44+00:00,2019-09-09 23:21:04+00:00,bvaughn,bvaughn,21.072453703703705
16457,"Error: ""Could not find node with id ""6002"" in commit tree""",2019-08-19 17:12:37+00:00,2019-08-19 18:07:31+00:00,Rutulpatel7077,bvaughn,0.038125
16456,React DevTools: styling overrides global styles,2019-08-19 16:07:25+00:00,2021-04-28 20:37:57+00:00,CompuIves,bvaughn,618.1878703703703
16451,React DevTools Chrome Browser Extension Option Select Boxes are broken,2019-08-19 09:52:38+00:00,2019-08-20 14:00:00+00:00,GeorgeWL,GeorgeWL,1.1717824074074075
16446,"Error: ""Could not find node with id ""266"" in commit tree""",2019-08-19 01:27:03+00:00,2020-01-05 00:51:14+00:00,ldcc-juj,bvaughn,138.9751273148148
16441,"Error: ""Could not find commit data for root ""1"" and commit null""",2019-08-18 05:21:06+00:00,2019-08-18 15:35:07+00:00,raibima,bvaughn,0.42640046296296297
16427,"Error: ""Could not find commit data for root ""34"" and commit 21""",2019-08-16 18:48:27+00:00,2019-08-16 20:16:20+00:00,fozcodes,bvaughn,0.061030092592592594
16426,Devtools V4 standalone script at localhost:8097 fails to load,2019-08-16 17:42:52+00:00,2019-08-19 16:45:40+00:00,sushruth,bvaughn,2.960277777777778
16423,"DevTools v4 error ""startProfiling not supported by this renderer""",2019-08-16 15:36:21+00:00,2019-08-16 18:26:39+00:00,eranimo,bvaughn,0.11826388888888889
16422,"Error: ""Cannot read property 'isCollapsed' of undefined""",2019-08-16 15:03:34+00:00,2019-09-06 09:06:40+00:00,AndriiTsapenkoCasafari,threepointone,20.752152777777777
16419,DevTools: react-devtools-tutorial.now.sh > editing-props-and-state have a bad state,2019-08-16 11:43:51+00:00,2019-08-16 20:10:20+00:00,asimqt,bvaughn,0.35172453703703704
16417,"Error: ""Could not find commit data for root ""1"" and commit null""",2019-08-16 09:48:27+00:00,2019-08-16 15:08:34+00:00,xu33,bvaughn,0.22230324074074073
16416,SSR: Cannot set property 'memoizedState' of null,2019-08-16 09:10:04+00:00,,ambar,,
16414,"Error: ""Could not find commit data for root ""44"" and commit 4""",2019-08-16 08:57:53+00:00,2019-08-18 15:43:31+00:00,phamwon,bvaughn,2.281689814814815
16413,Dev tools does not respect zoom level on firefox OSX,2019-08-16 07:58:16+00:00,2019-09-03 12:38:04+00:00,andyhmltn,andyhmltn,18.194305555555555
16412,"[react profiler bug]Error: ""getCommitTree(): Unable to reconstruct tree for root ""1"" and commit 1""",2019-08-16 05:57:04+00:00,2020-01-05 00:51:01+00:00,Zaynex,bvaughn,141.78746527777778
16389,useEffect fails to fire when hosted in display:none iFrame,2019-08-14 15:38:37+00:00,2020-01-06 18:11:35+00:00,Kikketer,Kikketer,145.10622685185186
16376,Add Priorities for All Event Types,2019-08-13 05:27:07+00:00,2021-03-24 19:57:17+00:00,sebmarkbage,gaearon,589.6042824074074
16365,ErrorBoundary rendering multiple copies of itself when ref assignment fails,2019-08-12 14:12:35+00:00,,silverwind,,
16342,textarea does not show warning when switching from uncontrolled to controlled like inputs do,2019-08-09 19:15:55+00:00,,bradwestfall,,
16160,Bug: React DOM Server is mutating CSS variable names,2019-07-18 22:38:21+00:00,2019-07-26 17:06:25+00:00,rdhaliwal,gaearon,7.769490740740741
16003,"[eslint-plugin-react-hooks] Crash when referencing ""arguments""",2019-06-27 02:06:47+00:00,2019-09-03 16:26:42+00:00,Jessidhia,threepointone,68.59716435185184
15978,Using 'scRipt' in React.createElement's type parameter allows you to execute JavaScript code in the child parameter,2019-06-24 19:56:15+00:00,2020-04-21 19:10:26+00:00,svensprk,bvaughn,301.96818287037036
15930,[Flare] onPressEnd not being called on keyup for Enter key,2019-06-19 23:18:33+00:00,2019-06-21 18:33:11+00:00,aweary,necolas,1.8018287037037037
15774,useCallback doesn't memoize callback in shallow renderer,2019-05-30 08:31:32+00:00,2020-03-18 11:18:53+00:00,chenesan,gaearon,293.11621527777777
15739,Controlled input makes browser not saving submitted value (for autocomplete),2019-05-25 12:18:13+00:00,,bootleq,stale[bot],
15512,Suspense commits pending trees in Concurrent Mode under heavy load,2019-04-26 16:19:18+00:00,2020-06-29 18:27:24+00:00,gaearon,gaearon,430.0889583333333
15484,An error in render() + boundary behaves unexpectedly on ReactDOM.hydrate(),2019-04-24 10:27:18+00:00,2022-03-30 00:07:34+00:00,Rendez,gaearon,1070.5696296296296
15418,"Field type=""email"" with multiple attribute cursor jumps to start",2019-04-15 08:32:08+00:00,,jordyvg,gaearon,
15356,[react-reconciler] TypeError: _appendAllChildren is not a function,2019-04-09 01:03:14+00:00,2019-04-12 22:56:02+00:00,kevzettler,gaearon,3.9116666666666666
15301,renderWithHooks may initialize workInProgressHook at the beginning,2019-04-03 02:47:52+00:00,2020-10-16 15:07:28+00:00,Jokcy,gaearon,562.5136111111111
15219,"Combination of componentDidCatch and hooks throws ""Should have a queue. This is likely a bug in React.""",2019-03-27 00:53:53+00:00,2020-10-16 15:07:28+00:00,timkendrick,gaearon,569.5927662037037
15171,dangerouslySetInnerHTML is left empty on client render on top of bad server markup when rendering HTML,2019-03-20 20:35:18+00:00,,petetnt,stale[bot],
15113,eslint-plugin-react-hooks useCallback circular dependencies?,2019-03-14 20:31:59+00:00,2019-03-15 15:14:01+00:00,KhodorAmmar,gaearon,0.7791898148148149
15088,useReducer - eagerReducer optimization discussion/questions,2019-03-12 09:57:43+00:00,2021-09-27 23:25:10+00:00,Andarist,acdlite,930.5607291666666
15075,shallow renderer: wrong initial state passed to getDerivedStateFromProps,2019-03-09 22:31:03+00:00,2019-03-24 07:32:37+00:00,ljharb,ljharb,14.376087962962963
15057,"setState in useEffect causing a ""React state update on an unmounted component"" warning",2019-03-07 23:17:45+00:00,2019-07-30 18:41:11+00:00,KidkArolis,gaearon,144.8079398148148
15039,react-debug-tools doesn't support legacy context (Component.contextTypes),2019-03-06 16:54:36+00:00,,bvaughn,,
15012,"`data-reactroot=""""` lost in server render if element inside `<Context.Provider>`",2019-03-04 23:46:54+00:00,2021-03-24 18:23:53+00:00,overlookmotel,gaearon,750.7756828703704
14980,Misleading error description when using wrong useRef,2019-02-28 17:35:45+00:00,2022-04-29 21:13:22+00:00,madroneropaulo,eps1lon,1156.151122685185
14954,act should keep flushing passive effects until there are none left,2019-02-25 23:43:10+00:00,2019-04-04 12:35:41+00:00,acdlite,threepointone,37.53646990740741
14910,The component is not updated when a new state is changed using a callback from useState,2019-02-21 07:35:02+00:00,2019-02-21 18:44:24+00:00,Finesse,gaearon,0.464837962962963
14878,Simple memo components being updated with new set of props during context change,2019-02-18 13:08:58+00:00,2022-04-28 15:01:56+00:00,Andarist,gaearon,1165.0784490740741
14861,Cannot type Chinese  in `<input />`  under controlled mode + ReactDom 16.8.2,2019-02-15 13:23:25+00:00,2019-02-21 18:31:53+00:00,youluna,gaearon,6.2142129629629625
14849,Calling setState during component rendering causes incorrect previous state value in next state update,2019-02-14 10:38:28+00:00,2019-02-21 18:43:24+00:00,hlousekv,gaearon,7.336759259259259
14848,Trigger suspense from hooks,2019-02-14 10:31:20+00:00,2019-02-14 20:10:12+00:00,NeoLegends,gaearon,0.40199074074074076
14840,Shallow renderer doesn't update on setState() with Hooks,2019-02-13 16:58:29+00:00,2019-03-15 22:30:33+00:00,gaearon,gaearon,30.23060185185185
14812,An update to the state from `useState` is not registered in event handler `onTransitionEnd`,2019-02-10 15:31:37+00:00,2019-02-21 18:45:11+00:00,DennisSkoko,gaearon,11.134421296296296
14811,unmount an empty component is breaking with ReactDOM portals,2019-02-10 11:11:20+00:00,2019-02-11 18:37:54+00:00,KhodorAmmar,gaearon,1.3101157407407407
14792,Question: ReactDOM render call in useEffect delayed until first update,2019-02-08 00:09:18+00:00,2019-02-12 20:18:36+00:00,hamlim,gaearon,4.839791666666667
14790,Warning when a memoized component uses both hooks and suspense,2019-02-07 20:40:39+00:00,2019-02-14 19:26:58+00:00,trojanowski,gaearon,6.9488310185185185
14782,useImperativeHandle behaves as if inputs are [] by default,2019-02-07 00:43:31+00:00,2019-02-11 18:42:28+00:00,AhmedElywa,gaearon,4.749270833333333
14694,Chrome Autofill overwrites values on controlled components,2019-01-24 18:42:29+00:00,,epicfaace,,
14674,Original error message is swallowed in an edge case with render phase updates,2019-01-23 17:09:59+00:00,2019-02-08 16:58:49+00:00,gaearon,gaearon,15.99224537037037
14535,Concurrent mode iOS hover behaviour,2019-01-05 21:56:43+00:00,2021-03-25 23:42:40+00:00,subhero24,subhero24,810.0735763888889
14502, Throwing an error from a component while server rendering changes the default value of a context if there is a provider in that tree.,2018-12-29 00:11:27+00:00,2019-02-21 21:16:12+00:00,emmatown,emmatown,54.87829861111111
14475,eslint-plugin-rules-of-react uses undocumented context.report signature,2018-12-20 11:38:28+00:00,2019-01-18 09:26:11+00:00,eps1lon,gaearon,28.908136574074074
14452,Wrong visualization order in User Timing when profiling in Chrome,2018-12-17 15:10:19+00:00,2021-03-24 18:02:26+00:00,mareolan,gaearon,828.119525462963
14442,ShallowRenderer does not work with Class.contextType,2018-12-14 18:00:51+00:00,2020-03-18 11:19:36+00:00,mpmaia,gaearon,459.7213541666667
14434,"""Failed to execute 'removeChild' on 'Node'"" error on unmounting React portal with nulled child",2018-12-13 15:00:16+00:00,2019-09-07 10:00:45+00:00,dennis90,threepointone,267.7920023148148
14362,react-hooks linter fails with unusual for loop,2018-11-30 14:11:12+00:00,2019-01-25 17:06:34+00:00,TrySound,gaearon,56.12178240740741
14360,useReducer: dispatched actions are reduced twice,2018-11-30 01:29:19+00:00,2018-11-30 15:02:20+00:00,ioss,gaearon,0.5645949074074074
14356,Sometimes controlled email inputs break in Chrome due to punycoding,2018-11-29 13:22:22+00:00,,Bastian,,
14352,useEffect is broken for React Native with JSC,2018-11-28 21:31:23+00:00,2018-12-01 21:03:20+00:00,bvaughn,bvaughn,2.9805208333333333
14331,React 16.6.3 silently swallows an exception in `ReactDOMServer.renderToNodeStream()`,2018-11-26 22:21:48+00:00,2018-11-27 13:01:00+00:00,asyncmax,gaearon,0.6105555555555555
14310,Re-rendering lazy() doesn't respect defaultProps on memo(),2018-11-22 17:55:14+00:00,2018-11-22 19:40:43+00:00,gaearon,gaearon,0.07325231481481481
14241,useCallback returns undefined when the component is rendered server-side,2018-11-15 16:43:50+00:00,2018-11-19 20:47:39+00:00,zhouzi,gaearon,4.169317129629629
14239,Regression: React 16 automatically marks first item of a select with size > 1 as checked,2018-11-15 12:25:06+00:00,2019-03-14 21:40:10+00:00,kamituel,nhunzaker,119.38546296296296
14222,Hooks are disabled in v16.7.0-alpha.1,2018-11-13 19:52:49+00:00,2018-11-13 21:48:50+00:00,arianon,bvaughn,0.08056712962962963
14220,"When using React.lazy will cause the GPU/CPU to run overloaded, and the page is very slow.",2018-11-13 17:30:14+00:00,2018-12-14 19:03:24+00:00,janryWang,acdlite,31.064699074074074
14213,Textarea loses focus after inserting paired punctuation with Chinese IME,2018-11-13 08:26:59+00:00,,ghost,,
14188,findDOMNode() throws inside Suspense,2018-11-11 03:53:37+00:00,2019-04-09 14:53:30+00:00,will-hart,gaearon,149.4582523148148
14170,react-test-renderer doesn't support Suspense and lazy nodes,2018-11-09 07:27:53+00:00,,Dem0n13,,
14159,React.memo and React.lazy ignore propTypes,2018-11-08 23:48:09+00:00,2018-11-29 20:06:28+00:00,ghost,gaearon,20.84605324074074
14097,Rapid successive calls to unloaded cache/resource items in Suspense results in a silent lockup,2018-11-05 14:18:01+00:00,2018-11-11 13:24:47+00:00,tannerlinsley,gaearon,5.9630324074074075
14073,Suspense fallback remounts when each child resolves,2018-11-02 11:57:22+00:00,2018-11-06 00:32:51+00:00,adwilk,acdlite,3.5246412037037036
14013,"Suspense doesn't ""resolve"" for subsequent times if was suspended again ",2018-10-28 22:44:36+00:00,2018-11-06 00:32:51+00:00,ykravv,acdlite,8.075173611111111
14012,Suspense ping shouldn't suspend if all suspended content is already in fallback mode,2018-10-28 21:22:06+00:00,2020-06-29 18:50:08+00:00,RichieAHB,gaearon,609.8944675925926
14002,Safari Devtools flooded with security errors on react-dom selection work with iframes with diff origins,2018-10-27 19:09:31+00:00,2019-03-20 13:11:54+00:00,asci,gaearon,143.75165509259259
13960,React.lazy: defaultProps not merged into props in commit phase lifecycles,2018-10-25 00:03:31+00:00,2018-11-06 19:54:15+00:00,variadicintegrity,gaearon,12.826898148148148
13798,JAWS reads non-interactive elements as Clickable,2018-10-10 14:07:16+00:00,,Lily418,,
13777,The gray overlay when tap the react root container,2018-10-04 22:20:19+00:00,2018-10-09 08:27:07+00:00,amikitevich,philipp-spiess,4.421388888888889
13688,Global `window.event` is overwritten in React 16.5+ in development mode. ,2018-09-19 13:49:45+00:00,2018-09-25 15:24:23+00:00,sergei-startsev,gaearon,6.065717592592593
13648,16.5 with better support of iframe has some side effects,2018-09-14 08:15:25+00:00,2018-09-14 15:44:15+00:00,JSteunou,gaearon,0.31168981481481484
13634,Missing UMD variant of react.profiling.min.js,2018-09-13 01:10:45+00:00,2018-09-14 00:44:08+00:00,realityforge,bvaughn,0.9815162037037037
13610,IE9: Unable to call apply on console.error when encountering an unknown tag,2018-09-10 17:13:49+00:00,2018-09-13 18:38:14+00:00,nhunzaker,gaearon,3.058622685185185
13574,Interaction reference count decremented too aggressively,2018-09-05 22:43:34+00:00,2018-09-25 16:27:42+00:00,bvaughn,bvaughn,19.73898148148148
13512,Node/UMD bundles are broken on master,2018-08-29 19:29:58+00:00,2018-09-01 19:00:00+00:00,gaearon,bvaughn,2.9791898148148146
13510,Updating component that makes resource request triggers update warning,2018-08-29 18:42:47+00:00,2018-08-30 00:45:54+00:00,pshrmn,gaearon,0.2521643518518519
13425,Host components outside the setState path are sometimes unnecessarily diffed and updated,2018-08-17 16:48:43+00:00,2018-08-17 17:13:47+00:00,gaearon,gaearon,0.017407407407407406
13424,onChange doesn't fire if input re-renders due to a setState() in a non-React capture phase listener,2018-08-17 16:41:41+00:00,,gaearon,,
13309,Profiler durations are sometimes incorrect,2018-08-02 14:42:49+00:00,2018-08-08 16:42:54+00:00,bvaughn,bvaughn,6.0833912037037035
13222,Select multiple - does not scroll to selected item(items),2018-07-17 10:29:34+00:00,2018-08-03 17:05:26+00:00,kre0n,gaearon,17.274907407407408
13188,"If console.error throws while reporting an error, React can enter an invalid internal state",2018-07-10 21:08:48+00:00,2018-08-02 17:16:56+00:00,brokentone,gaearon,22.838981481481483
13150,Enzyme + Context API = Warning: Detected multiple renderers concurrently rendering the same context provider,2018-07-04 18:43:22+00:00,2018-07-06 23:04:46+00:00,stereobooster,aweary,2.1815277777777777
13141,react-test-renderer shallow: SFCs should not get `this`,2018-07-03 07:38:43+00:00,2018-07-03 16:47:40+00:00,ljharb,gaearon,0.38121527777777775
13000,"react-dom throws ""ReferenceError: requestAnimationFrame is not defined"" in SSR environment since #12931",2018-06-08 15:02:08+00:00,2018-06-09 01:08:20+00:00,sompylasar,sompylasar,0.42097222222222225
12968,React Context issue,2018-06-02 11:04:11+00:00,2018-06-13 16:56:04+00:00,zenios,gaearon,11.244363425925926
12964,Returning an empty fragment throws a confusing error,2018-06-01 21:11:00+00:00,2018-06-11 13:43:31+00:00,aweary,gaearon,9.689247685185185
12926,`onChange` event doesn't trigger when direclty clicking on the maximum `input[type=range]` value,2018-05-29 16:00:41+00:00,2018-05-31 21:23:27+00:00,k0mpreni,nhunzaker,2.2241435185185185
12872,Submit/Reset inputs lose text when value=undefined.,2018-05-21 01:28:08+00:00,2018-08-16 14:19:05+00:00,ellsclytn,gaearon,87.53538194444444
12830,UNSAFE_ lifecycle functions can no longer be defined more than once via mixins,2018-05-16 19:03:06+00:00,2018-05-16 21:11:47+00:00,alibosworth,alibosworth,0.08936342592592593
12796,react-art + React Context API is not working correctly,2018-05-14 02:27:42+00:00,2018-08-06 19:27:04+00:00,lavrton,gaearon,84.70789351851852
12765,defaultChecked prop sets only checked attribute,2018-05-08 14:15:22+00:00,2018-07-04 20:01:40+00:00,klintmane,nhunzaker,57.24048611111111
12748,warning message recommends using soon deprecated lifecycle methods,2018-05-05 10:16:23+00:00,2018-08-02 19:20:39+00:00,iliran11,gaearon,89.37796296296297
12717,onMouseDown causes splash on real ios browsers,2018-04-29 14:27:00+00:00,,huhaixiao,,
12694,Size prop is not attached to the DOM,2018-04-26 06:50:06+00:00,2018-04-28 19:52:31+00:00,airamrguez,gaearon,2.5433449074074073
12693,react-test-renderer.create does not work properly with forwardRef components,2018-04-26 02:47:56+00:00,2018-05-01 18:55:28+00:00,ajcrites,gaearon,5.6718981481481485
12688,Unexpected behavior when use React.forwardRef with React.createContext ,2018-04-25 14:16:43+00:00,2018-04-26 18:47:35+00:00,dive2Pro,gaearon,1.1881018518518518
12686,Strange beahvior React + new Context API,2018-04-25 06:19:03+00:00,2018-04-28 00:52:49+00:00,axules,gaearon,2.7734490740740743
12651,Having a context provider as root element causes `renderToString` to omit `data-reactroot` from output,2018-04-19 18:14:40+00:00,2018-04-19 19:05:20+00:00,salzhrani,gaearon,0.03518518518518519
12643,onChange doesn't fire if a capture-phase document listener for the underlying native event calls setState(),2018-04-18 17:20:25+00:00,2018-08-17 16:49:44+00:00,Reaverart,gaearon,120.97869212962964
12615,Unexpected warning when hydrating with portal and SSR,2018-04-15 07:50:53+00:00,,majelbstoat,,
12551,New Context Provider may block Old context propagation if children are constant,2018-04-05 09:18:08+00:00,2018-04-26 19:59:18+00:00,Jessidhia,gaearon,21.44525462962963
12540,react-dom development bundle uses Array.from,2018-04-04 17:01:55+00:00,2018-04-04 20:54:28+00:00,wKovacs64,bvaughn,0.16149305555555554
12506,Possible incorrect event.target on number inputs in IE9?,2018-03-31 14:45:51+00:00,2018-06-11 13:35:43+00:00,nhunzaker,gaearon,71.95129629629629
12500,Warning in IE 11 when using React.Fragment,2018-03-31 11:00:44+00:00,2018-04-01 00:14:37+00:00,heikkilamarko,gaearon,0.5513078703703703
12497,Error boundary bug,2018-03-30 21:45:40+00:00,2018-04-01 00:35:37+00:00,thysultan,gaearon,1.1180208333333332
12474,Uncaught Error: Should be working on a root. This error is likely caused by a bug in React.,2018-03-28 15:03:46+00:00,2018-03-29 01:18:10+00:00,gaearon,acdlite,0.4266666666666667
12449,Cannot read property 'return' of null,2018-03-24 19:24:03+00:00,2018-04-03 23:36:53+00:00,jquense,gaearon,10.175578703703703
12363,React onBlur events not firing during unmount,2018-03-13 17:38:08+00:00,,taj-codaio,,
12349,"React adds ""className"" to DOM instead of ""class"" in IE11",2018-03-09 09:16:39+00:00,2018-03-12 17:42:17+00:00,vydimitrov,gaearon,3.3511342592592595
12334,"For Controlled Input, step does not work as expected unless initialized with null or """".",2018-03-06 10:30:40+00:00,,andyboyne,,
12299,It's not safe to read CurrentOwner.current and assume it has a stateNode,2018-02-27 02:55:05+00:00,2018-03-21 09:42:32+00:00,gaearon,gaearon,22.28295138888889
12246,Context update doesn't fully propagate in some cases,2018-02-18 23:59:08+00:00,2018-03-29 00:44:59+00:00,gaearon,acdlite,38.031840277777775
12245,"Context Providers (and maybe Consumers) show up as ""Unknown"" in Performance tab",2018-02-18 22:00:04+00:00,2018-02-19 21:59:03+00:00,gaearon,gaearon,0.9992939814814815
12218,Context.Consumer unexpectedly updates each time one of its child components call setState,2018-02-12 22:13:26+00:00,2018-03-12 21:23:47+00:00,jaredLunde,acdlite,27.965520833333333
12200,Regression: React 16 automatically marks first item of a mutliple select as checked,2018-02-09 19:47:53+00:00,2018-08-03 17:10:41+00:00,megawac,gaearon,174.89083333333335
12182,unexpected ContextConsumer or ContextProvider behavior,2018-02-08 06:34:51+00:00,2018-02-08 22:23:42+00:00,ghost,bvaughn,0.6589236111111111
12150,ContextConsumer and ContextProvider in react-test-renderer,2018-02-04 18:59:20+00:00,2018-02-16 19:27:21+00:00,pshrmn,acdlite,12.019456018518518
12106,react-test-renderer: toTree() does not yet know how to handle nodes with tag=10,2018-01-27 15:52:20+00:00,2018-01-27 23:03:55+00:00,ambar,aweary,0.29971064814814813
12072,All controlled <textarea/> fields re-render on any setState() call even though their data has not changed.,2018-01-22 17:45:57+00:00,2018-09-14 23:09:07+00:00,martintasevski,nhunzaker,235.2244212962963
12062,Problem when input type changes from email to text,2018-01-20 17:17:02+00:00,2018-05-30 11:08:22+00:00,adrianimboden,nhunzaker,129.74398148148148
12009,Some events are missing on master for SimulateNative,2018-01-11 23:50:47+00:00,2018-01-12 02:03:48+00:00,gaearon,nhunzaker,0.09237268518518518
11964,State initialization disparity between shallow renderer and ReactDOM,2018-01-04 22:38:24+00:00,2018-01-05 18:44:45+00:00,jwbay,gaearon,0.8377430555555555
11955,`react-call-return`: Expected to find a host parent.,2018-01-03 15:16:26+00:00,2018-01-07 20:15:43+00:00,rmhartog,gaearon,4.207835648148148
11918,Click events don't bubble from Portal content on mobile Safari,2017-12-24 17:20:21+00:00,2018-08-18 01:10:20+00:00,zebulonj,gaearon,236.3263773148148
11916,React ART crashes with SSR,2017-12-23 10:00:50+00:00,2018-04-04 10:18:36+00:00,necolas,gaearon,102.01233796296296
11911, React DOM crashes when <option> contains three interpolated value if one is a conditional. ,2017-12-22 12:10:29+00:00,2018-08-01 15:16:35+00:00,ZhangYiJiang,gaearon,222.1292361111111
11881,backspace fails to clear values on input type='email',2017-12-18 18:21:42+00:00,,codeangler,,
11877,Number input gets cleared when typing period as decimal mark,2017-12-18 11:29:42+00:00,,Hilzu,,
11862,ShallowRenderer not considering contextTypes when rendering children,2017-12-15 12:26:55+00:00,2018-01-05 18:49:58+00:00,Termit1975,gaearon,21.266006944444445
11827,Cursor jumps when backspacing in a number input (with ShadowDOM),2017-12-11 16:08:07+00:00,2021-04-30 17:49:32+00:00,YellowKirby,YellowKirby,1236.0704282407407
11826,React does not call onBlur callback,2017-12-11 13:20:59+00:00,,nbob,,
11808,react-test-renderer does not include `key` on fragments,2017-12-08 07:36:53+00:00,2018-01-02 16:02:23+00:00,SimenB,gaearon,25.351041666666667
11807,False positive warning about style mismatch when hydrating server markup in IE11,2017-12-08 02:20:24+00:00,2018-09-04 13:26:52+00:00,djeeg,gaearon,270.4628240740741
11795,Select warning fires repeatedly ,2017-12-07 16:52:54+00:00,2017-12-10 02:06:42+00:00,arackaf,gaearon,2.3845833333333335
11789,"hydrating a component with `dangerouslySetInnerHTML` and `toString` causes a warning, and the component to not render",2017-12-07 00:21:56+00:00,2018-08-09 17:05:06+00:00,magicmark,gaearon,245.69664351851853
11761,Fix the misleading error message in production,2017-12-04 14:51:21+00:00,2018-01-05 18:08:21+00:00,gaearon,gaearon,32.136805555555554
11759,"""React.createElement: type is invalid"" warning in IE11 when using React.Fragment",2017-12-04 08:56:34+00:00,2017-12-11 03:25:29+00:00,XaveScor,gaearon,6.7700810185185185
11726,client/server mismatch for text inside of an a/button causes the the a/button to focus on page load,2017-11-30 19:53:33+00:00,2017-12-06 15:23:37+00:00,brucewpaul,gaearon,5.812546296296296
11692,ReactDOMServer.renderToStaticMarkup gets stuck while trying to render Portals,2017-11-28 21:36:13+00:00,2017-11-29 21:45:53+00:00,amoshg,gaearon,1.006712962962963
11687,react-dom: Ability to access window.event in development,2017-11-28 20:33:31+00:00,2018-08-14 20:35:31+00:00,ConradIrwin,gaearon,259.00138888888887
11678,Disabled button click event propagates in IE11,2017-11-27 23:55:54+00:00,2022-03-29 23:08:09+00:00,Blasz,gaearon,1582.9668402777777
11674,Resetting a form containing a focused controlled number input puts it out of step with state,2017-11-27 21:29:06+00:00,,aweary,,
11609,Undo operation on text input throws exception in IE9,2017-11-21 14:24:38+00:00,2022-03-29 23:08:23+00:00,nhunzaker,gaearon,1589.3637152777778
11602,Children of option tags flattened when select has value,2017-11-20 21:02:01+00:00,2018-08-02 01:47:07+00:00,jorrit,gaearon,254.1979861111111
11532,inline style with decimal numbers,2017-11-12 11:12:05+00:00,2018-01-05 21:09:52+00:00,cvlmtg,gaearon,54.41512731481482
11496,SetState callback called before component state is updated in React Shallow Renderer,2017-11-09 00:35:37+00:00,2017-11-28 15:08:09+00:00,bdwain,clemmy,19.605925925925927
11441,Remove support for cloneElement(getMountedInstance()) in shallow renderer,2017-11-03 14:22:34+00:00,2017-11-03 16:16:56+00:00,gaearon,gaearon,0.0794212962962963
11396,A function that is also an iterable is treated inconsistently,2017-10-30 03:25:08+00:00,2018-08-16 15:38:49+00:00,kentcdodds,gaearon,290.5095023148148
11379,onDrop breaks onSelect event,2017-10-26 22:46:34+00:00,2018-08-16 23:22:17+00:00,tobiasandersen,gaearon,294.02480324074077
11348,Invariants that don't have error codes yet are missing in production builds,2017-10-24 12:35:22+00:00,2017-10-24 16:11:04+00:00,gaearon,bvaughn,0.14979166666666666
11254,react-art on npm is missing the /lib/ folder,2017-10-17 18:22:14+00:00,2017-10-23 18:18:12+00:00,gaearon,gaearon,5.997199074074074
11236,Shallow test renderer calls shouldComponentUpdate on forceUpdate,2017-10-16 15:10:37+00:00,2017-10-18 13:54:06+00:00,d4rky-pl,gaearon,1.9468634259259259
11207,Investigate the nested update overflow caused by coalescing,2017-10-12 14:32:20+00:00,2017-10-14 03:14:19+00:00,gaearon,acdlite,1.5291550925925925
11161,Shallow renderer: subsequent `setState` calls inside `componentWillMount` discard the previous ones,2017-10-09 17:10:11+00:00,2017-10-10 13:22:17+00:00,Hypnosphi,gaearon,0.8417361111111111
11159,autoFocus doesn't work with SSR in React 16,2017-10-09 15:48:25+00:00,2017-10-11 18:05:49+00:00,sebmarkbage,gaearon,2.0954166666666665
11152,onMouseEnter triggered on children in React 16,2017-10-09 09:57:11+00:00,2017-10-09 19:30:27+00:00,dbismut,gaearon,0.3981018518518519
11103,SSR: ReactDOM client and server handling newlines differently causing mismatch warnings,2017-10-05 00:58:59+00:00,2017-10-05 19:59:44+00:00,johnnysprinkles,gaearon,0.7921875
11067,"""Cannot read namespaceURI of null"" error when rendering into a comment",2017-10-03 15:57:39+00:00,2018-01-02 15:24:02+00:00,gaearon,gaearon,90.9766550925926
11058,SVG image onLoad event not getting dispatched on IE11,2017-10-03 00:28:54+00:00,2017-12-12 01:11:54+00:00,SahidH,nhunzaker,70.02986111111112
11017,Fiber cannot render to DocumentFragment/ShadowRoot,2017-10-01 23:33:20+00:00,2017-10-02 19:50:15+00:00,Hotell,gaearon,0.8450810185185185
11010,Reset of select ignores defaultValue,2017-10-01 14:57:47+00:00,2017-10-10 15:54:59+00:00,ZeHiro,gaearon,9.039722222222222
10993,React 16 fails to rehydrate noscripts,2017-09-30 18:25:41+00:00,2017-10-10 18:35:44+00:00,wchargin,gaearon,10.006979166666667
10987,"<svg tabIndex=""2""> doesn't work ",2017-09-30 10:24:07+00:00,2017-10-02 17:52:26+00:00,gaearon,gaearon,2.3113310185185183
10909,UMD Production builds define global variables,2017-09-28 08:38:42+00:00,2017-09-29 11:48:33+00:00,rauhs,gaearon,1.1318402777777778
10906,"In React 16, onMouseEnter is triggered an extra time when entering a new child",2017-09-28 07:06:35+00:00,2017-10-09 19:30:04+00:00,Sherryer,gaearon,11.51630787037037
10888,"[website] Side nav sometimes shows an incorrect ""current"" highlight",2017-09-27 18:05:07+00:00,2017-10-02 15:57:31+00:00,clemmy,bvaughn,4.911388888888889
10871,Multiple onFocus events fired on single focus in Safari,2017-09-27 13:18:30+00:00,,mbryla,,
10831,Warning: Stateless function components cannot be given refs. Attempts to access this ref will fail.null after updating to React 16,2017-09-26 14:12:57+00:00,2017-09-28 19:40:27+00:00,clodal,gaearon,2.2274305555555554
10772,Unexpected SSR difference warning with SVG <filter> primitives,2017-09-21 16:05:03+00:00,2017-10-10 18:34:38+00:00,vxna,gaearon,19.103877314814813
10657,Form restoration & React hydration,2017-09-09 15:23:08+00:00,,oliviertassinari,,
10616,Tests: toTree on a rendered array,2017-09-06 08:21:34+00:00,2017-10-03 15:29:58+00:00,porfirioribeiro,gaearon,27.2975
10598,Returning plain string from component renders collapsed text nodes on server,2017-09-02 22:53:32+00:00,2017-10-05 19:05:00+00:00,laverdet,gaearon,32.8412962962963
10515,ctrl + Enter keypress only works in firefox,2017-08-23 05:42:46+00:00,2018-01-05 21:10:21+00:00,nstraub,gaearon,135.6441550925926
10415,"Server side rendering: ""Warning: <linearGradient /> is using uppercase HTML. Always use lowercase HTML tags in React.""",2017-08-09 00:32:12+00:00,2017-08-13 23:17:46+00:00,coreh,sophiebits,4.948310185185186
10363,Adding an image tag inside a react component throws error.,2017-08-02 22:16:13+00:00,2017-08-03 01:16:42+00:00,victorbello,gaearon,0.12533564814814815
10360,Throw when host component has a function child,2017-08-02 19:51:33+00:00,2017-08-04 00:42:19+00:00,gaearon,gaearon,1.2019212962962964
10309,ReactDOM.render()/unstable_renderIntoContainer() doesn't return instance if called during an update,2017-07-27 14:48:14+00:00,2017-08-08 18:25:19+00:00,seanlandsman,aweary,12.150752314814815
10299,React 16 server renderer breaks with style object in prod mode,2017-07-27 04:15:09+00:00,2017-07-27 09:19:06+00:00,aickin,gaearon,0.21107638888888888
10217,Incorrect data in compositionend event when typing Korean on IE11,2017-07-19 06:50:46+00:00,2018-06-14 15:35:57+00:00,robbertbrak,gaearon,330.36471064814816
10196,Uncontrolled radio fix is breaking master,2017-07-16 17:32:05+00:00,2017-07-18 15:31:06+00:00,gaearon,gaearon,1.9159837962962962
10176,DEV-only requires in FB bundles,2017-07-13 19:11:54+00:00,2018-01-02 15:09:57+00:00,gaearon,gaearon,172.83197916666666
10140,Fiber infinite recursion in mounting lifecycle,2017-07-11 06:46:11+00:00,2017-07-13 22:56:03+00:00,gre,acdlite,2.6735185185185184
10125,Curried onBlur handler not triggered anymore when using v15.6.1 in production mode,2017-07-08 12:04:44+00:00,2017-07-11 11:42:01+00:00,ndresx,gaearon,2.984224537037037
10116,Multiple clicks needed for non-anchor element onClick with padding in Safari,2017-07-06 03:15:59+00:00,2017-09-17 14:31:24+00:00,elyobo,jquense,73.46903935185185
10109,Mouseenter event not triggered when cursor moves from disabled button,2017-07-05 11:01:18+00:00,,stepancar,,
10100,setState callback called with null instead of undefined,2017-07-03 21:17:44+00:00,2017-07-12 17:55:19+00:00,gwmccull,gaearon,8.85943287037037
10089,react-test-renderer/shallow setState callback is never called,2017-07-01 12:28:59+00:00,2017-07-10 21:41:51+00:00,benadamstyles,bvaughn,9.383935185185186
10078,Input with type=radio incorrectly trigger onChange handler,2017-06-30 08:27:03+00:00,2017-10-04 20:06:56+00:00,bacher,gaearon,96.48603009259259
10013,dangerouslySetInnerHTML in IE11 for svg elements,2017-06-20 16:38:38+00:00,2017-10-10 10:54:47+00:00,OriR,gaearon,111.76121527777778
9999,False positive getDefaultProps warning when mixing development and production versions,2017-06-19 05:50:17+00:00,,mondwan,aweary,
9963,Do not add units to css custom properties,2017-06-14 15:54:20+00:00,2017-06-15 00:11:16+00:00,TrySound,gaearon,0.3450925925925926
9956,onClick and onChange doesn't fire on radio buttons on iOS,2017-06-14 11:29:56+00:00,2017-06-15 00:11:24+00:00,badtant,gaearon,0.5287962962962963
9913,react-addons-update 15.5.2 uses Object.assign,2017-06-09 23:18:57+00:00,2017-06-13 11:12:02+00:00,balloob,gaearon,3.4951967592592594
9901,Mouseleave events fire unexpectedly when mousing into descendant node with a different React root,2017-06-08 22:50:56+00:00,2017-10-04 17:24:23+00:00,greglittlefield-wf,aweary,117.77322916666667
9783,Synthetic eventPhase doesn't reflect the synthetic phase,2017-05-26 08:21:45+00:00,2018-01-05 16:21:35+00:00,likerRr,gaearon,224.3332175925926
9667,Cant't mount text node components,2017-05-11 19:46:50+00:00,2017-09-22 23:08:44+00:00,vhiroki,sophiebits,134.14020833333333
9635,No error when element with ref created in another elements constructor in dev environment.,2017-05-09 16:29:28+00:00,2017-10-04 16:26:31+00:00,monkeyboy64,aweary,147.99795138888888
9627,isMounted behavior different with `create-react-class`,2017-05-09 00:31:55+00:00,2017-06-12 19:22:16+00:00,mridgway,gaearon,34.78496527777778
9577,[Fiber] returning functions from render does not throw,2017-05-01 22:26:33+00:00,2017-08-04 14:51:48+00:00,aweary,gaearon,94.6842013888889
9561,Controlled input allows dot,2017-04-29 20:31:21+00:00,2017-06-05 22:52:14+00:00,raulsebastianmihaila,aweary,37.09783564814815
9504,ReactTestUtils: event dispatched before workInProgress stateNode is set,2017-04-23 19:04:24+00:00,2017-10-04 16:37:24+00:00,aweary,aweary,163.89791666666667
9402,A number input will always have left pad 0 though parseFloat value in onChange,2017-04-11 10:54:25+00:00,,HaydnChen,,
9372,Cannot find module './ReactReconcileTransaction' from 'ReactShallowRenderer.js' in `react-test-renderer`,2017-04-08 01:53:42+00:00,2017-04-08 04:36:45+00:00,wyze,gaearon,0.11322916666666667
9361,React 16.0.0-alpha 7 does not bundle correctly in a project using rollup,2017-04-07 13:06:18+00:00,2017-09-11 15:42:37+00:00,pastelsky,gaearon,157.10855324074075
9351,TypeError: Cannot read property 'firstChild' of null at precacheChildNodes (react-dom.js:6619),2017-04-06 08:38:02+00:00,2017-04-06 23:31:54+00:00,jochenberger,bvaughn,0.6207407407407407
9315,react-addons-create-fragment destructuring assignment remains in distributed code,2017-04-02 04:25:39+00:00,2017-04-02 18:29:19+00:00,tmacdonald,bvaughn,0.5858796296296296
9142,No blur event fired when button is disabled/removed,2017-03-09 18:13:08+00:00,,OliverJAsh,,
9102,[Fiber] Check for requestAnimationFrame throws when react-dom is required on the server,2017-03-03 05:41:09+00:00,2017-04-27 12:13:28+00:00,ide,gaearon,55.27244212962963
9100,Pasting text in text box does not fire change event on IE11.,2017-03-03 02:00:10+00:00,2022-03-29 23:20:37+00:00,mashimonator,gaearon,1852.889201388889
9038,Change warning for <select value={null} /> to suggest an empty array rather than empty string,2017-02-21 21:49:33+00:00,2017-10-31 11:48:09+00:00,ryb73,gaearon,251.5823611111111
9023,event.preventDefault in click handler does not prevent onChange from being called,2017-02-17 18:31:19+00:00,,aweary,,
8938,Clear button on iOS date input does not return correct event value,2017-02-07 01:29:52+00:00,,ro-savage,,
8912,Problems with click events on IE and Edge,2017-02-02 09:38:15+00:00,2017-03-30 22:08:35+00:00,vasilkrastev90,aweary,56.521064814814814
8902,Unexpected exception on using React Perf tools ,2017-01-31 15:44:33+00:00,2017-10-04 16:38:27+00:00,niwinz,gaearon,246.03743055555555
8876,onBeforeInput fires after Edge updates the DOM,2017-01-27 18:44:50+00:00,2018-01-06 13:12:00+00:00,colinjeanne,gaearon,343.76886574074075
8789,Missing object-assign licence (please check others),2017-01-14 18:39:32+00:00,2017-01-20 01:29:06+00:00,markalanrichards,gaearon,5.284421296296296
8699,Broken link in react tutorial,2017-01-06 02:27:08+00:00,2017-01-23 16:28:27+00:00,dyladan,gaearon,17.584247685185186
8683,"Composition Events(Chinese, Japanese IME) problem in controlled components(input, textarea)",2017-01-04 17:46:39+00:00,2018-08-29 17:10:24+00:00,eyesofkids,gaearon,601.9748263888889
8642,textarea + onFocus + stopPropagation = incorrect cursor rendering on Firefox,2016-12-25 22:25:11+00:00,2017-12-21 05:15:54+00:00,felipeochoa,aweary,360.2852199074074
8576,15.4 breaks default param behavior on componentDidMount in production build,2016-12-14 21:46:00+00:00,2017-10-04 16:03:22+00:00,kentor,gaearon,293.7620601851852
8559,"Click handler can get called twice in ""non-prod"" mode.",2016-12-12 21:31:17+00:00,2017-08-09 14:21:08+00:00,pllee,aweary,239.70128472222223
8554,Form submitted on `button[type=button]` click,2016-12-12 16:36:48+00:00,2017-07-12 00:11:46+00:00,fbarrailla,aweary,211.31594907407407
8531,IE10 triggers onChange twice when replacing a text selection ,2016-12-08 15:27:56+00:00,2022-03-29 23:15:27+00:00,jfschwarz,gaearon,1937.3246643518519
8514,Undo behavior in controlled textareas works differently from the default behaviour in chrome,2016-12-07 12:33:02+00:00,,fabsor,,
8487,Invariant Violation when rendering using both ReactDOM and ReactDOMServer,2016-12-02 22:08:16+00:00,2017-04-13 15:38:16+00:00,martinkadlec0,gaearon,131.72916666666666
8423,onChange does not work well with IE11 at Japanese IME. in React 15.4.0,2016-11-26 00:52:03+00:00,2022-03-29 23:19:16+00:00,mashimonator,gaearon,1949.9355671296296
8266,Preserve browser input behavior.,2016-11-11 01:23:25+00:00,2017-11-30 21:27:05+00:00,jdalton,gaearon,384.83587962962963
7838,A group of radio button requires all to have defaultChecked attribute to work properly in Firefox,2016-09-30 12:47:27+00:00,2017-10-04 16:09:09+00:00,mjntan35,aweary,369.14006944444446
7827,Unexpected interleaving of subtree/parent lifecycle methods,2016-09-28 22:57:44+00:00,2017-10-04 13:40:08+00:00,vsiao,gaearon,370.61277777777775
7769,input autoFocus causes focus to be emitted before ref,2016-09-19 20:56:27+00:00,,syranide,,
7718,"Bug: False Positive ""plain object"" Warning  ",2016-09-13 17:42:15+00:00,2016-09-14 02:15:07+00:00,spudly,sophiebits,0.3561574074074074
7711,[bug] click not disabled on <fieldset disabled><button onClick={() => alert('clicked')}><span>click me</span></button></fieldset>,2016-09-13 11:28:53+00:00,,brillout,acdlite,
7630,Radio buttons are not correctly checked when using multiple lists of radio buttons,2016-09-01 14:18:26+00:00,2017-11-19 15:44:35+00:00,atimmer,nhunzaker,444.0598263888889
7593,Native Map detection in ReactComponentTreeHook fails with core-js,2016-08-28 12:35:58+00:00,2017-10-04 12:27:18+00:00,sanniassin,gaearon,401.99398148148146
7489,input element `setSelectionRange` after backspace does not work in IE10,2016-08-13 06:07:51+00:00,2022-03-29 23:18:01+00:00,msafi,gaearon,2054.7153935185183
7440,Bug: didPutListener tries to findDOMNode on unmounted component,2016-08-08 07:29:28+00:00,2017-10-04 12:14:55+00:00,joshma,gaearon,422.1982291666667
7386,`injectEnvironment` called twice: `react-test-renderer` and `react-dom`,2016-07-31 16:58:24+00:00,2016-08-13 18:45:19+00:00,NicolasT,sophiebits,13.074247685185185
7350,babel-node: ReactComponentTreeDevtool.js causes ReactDOMServer.renderToString to fail,2016-07-25 15:22:56+00:00,2016-08-22 19:42:33+00:00,ian-speers,gaearon,28.18028935185185
7328,IE 11 and Edge no longer prompt to remember password on controlled form,2016-07-21 12:26:25+00:00,,lPadier,gaearon,
7295,"In NW.js app, the 'file' type <input> onChange event doesn't fire",2016-07-18 01:48:12+00:00,2018-06-25 18:49:38+00:00,zhouce,aweary,707.7093287037037
7290,Checkbox attribute unnecessarily removed from DOM on every render,2016-07-15 21:29:21+00:00,2017-10-04 05:59:13+00:00,akre54,akre54,445.35407407407405
7281,Input onChange not triggered every time in IE11 if e.preventDefault() used,2016-07-14 15:54:47+00:00,2022-03-29 23:17:45+00:00,jmullo,gaearon,2084.307615740741
7280,onInput is not firing on contentEditable div in IE11,2016-07-14 12:49:53+00:00,2017-10-05 13:10:28+00:00,tomericco,tomericco,448.0142939814815
7240,"""Missing React element for debugID"" warning when testing components with Jest",2016-07-10 10:25:38+00:00,2016-08-19 19:02:21+00:00,angusfretwell,gaearon,40.358831018518515
7211,onChange not firing properly in React 15.2.0 + IE11 when paste text into textarea,2016-07-07 11:19:49+00:00,2017-06-13 18:31:04+00:00,anggao,flarnie,341.2994791666667
7187,"""Missing React element for debugID"" warning when triggering a render in componentWillMount",2016-07-05 10:37:50+00:00,2016-08-20 23:29:39+00:00,yannickcr,gaearon,46.53598379629629
7163,Getting a warning using ReactCSSTransitionGroup in react v15.2.0,2016-07-01 19:44:09+00:00,2016-07-03 22:12:57+00:00,batusai513,gaearon,2.1033333333333335
7135,onMouseEnter propagation in double reactroot,2016-06-28 04:08:47+00:00,,dsvgit,,
7113,Cannot read property 'getNativeNode' of null (ReactReconciler),2016-06-24 11:21:52+00:00,2016-10-27 15:09:02+00:00,timzekid,gaearon,125.15775462962964
7099,Value of input[range] incorrectly rounded after mounting (step attribute ommited),2016-06-22 08:17:01+00:00,2016-07-13 20:28:24+00:00,mariuszdev,zpao,21.507905092592594
7027,OnChange randomly misses keys on IE if typing very quickly,2016-06-13 11:10:25+00:00,2016-06-16 15:30:07+00:00,pasieronen,jimfb,3.180347222222222
7024,<select> onChange not firing when using keyboard,2016-06-12 19:18:06+00:00,2018-07-15 02:28:34+00:00,iotch,nhunzaker,762.2989351851852
6951,Changing state in onFocus and onChange for a select multiple element does not work in Firefox,2016-06-02 12:57:36+00:00,,skleeschulte,,
6949,[bug] Problems of using react-addons-perf,2016-06-02 08:54:41+00:00,2016-08-24 18:20:51+00:00,exactmultiple3425,gaearon,83.3931712962963
6927,Change event fires too many times when inputing Chinese characters in IE 9,2016-05-31 06:40:13+00:00,2022-03-29 23:05:57+00:00,suhaotian,gaearon,2128.684537037037
6880,Fix issues introduced by createElement() warning,2016-05-25 23:33:32+00:00,2016-05-26 00:41:25+00:00,gaearon,gaearon,0.047141203703703706
6879,"React.createElement(type, { key: undefined }) is handled incorrectly",2016-05-25 23:07:00+00:00,2016-05-26 00:41:32+00:00,gaearon,gaearon,0.06564814814814815
6871,Perf.print*() method not working in 15.1.0: Cannot read property 'forEach' of undefined,2016-05-25 17:57:23+00:00,2016-06-06 18:37:55+00:00,EvHaus,gaearon,12.028148148148148
6842,React devtools 15.1.0 ctor timer error,2016-05-23 13:26:11+00:00,2016-07-19 18:43:25+00:00,jaylaw81,gaearon,57.220300925925926
6782,15.0.2 (Current) Starter Kit examples/basic-commonjs not working,2016-05-16 13:23:47+00:00,2016-05-16 17:41:18+00:00,Mahoney,zpao,0.17883101851851851
6779,Warning is changing a uncontrolled input of type radio to be controlled...,2016-05-16 08:07:06+00:00,2016-06-09 14:58:42+00:00,ButuzGOL,jimfb,24.285833333333333
6556,"Controlled number input doesn't handle e, - and . properly",2016-04-20 19:53:34+00:00,2017-10-03 23:51:30+00:00,dhruska,gaearon,531.1652314814814
6541,Iframe load event not firing in Chrome and Safari when src is 'about:blank',2016-04-18 14:35:13+00:00,,pirelenito,,
6489,TestUtils.findAllInRenderedTree is not iterating through all components since React 15.,2016-04-11 23:58:42+00:00,2018-01-02 14:17:24+00:00,robin-anil,gaearon,630.5963194444445
6446,Typing in middle of controlled text field jumps to end,2016-04-08 01:10:24+00:00,2016-04-08 01:11:22+00:00,Daniel15,Daniel15,0.0006712962962962962
6441,Warning when changing the type and value of an input field,2016-04-07 22:08:21+00:00,2016-07-23 01:38:29+00:00,mathisonian,sophiebits,106.14592592592592
6423,setState in componentWillMount causes TypeError when rendering with renderToString and preceded by a component that renders with renderToString,2016-04-06 11:57:00+00:00,2016-07-08 17:52:14+00:00,PKJedi,gaearon,93.24668981481481
6371,Uncaught Invariant Violation: Must be mounted to trap events when replacing an image with a link to an image,2016-03-29 16:35:37+00:00,2016-04-29 21:02:51+00:00,aaronjensen,sophiebits,31.185578703703705
6368,Input type 'email' as controlled component does not control white spaces,2016-03-29 14:34:03+00:00,2018-07-15 02:12:22+00:00,marcolanaro,nhunzaker,837.4849421296296
6348,Warn when using overlapping styles (e.g. border and borderBottom),2016-03-26 18:25:22+00:00,2018-11-09 23:21:48+00:00,gaearon,sophiebits,958.2058564814815
6324,Firefox issue: Expected flush transaction's stored dirty-components length to match dirty-components array length.,2016-03-23 18:49:27+00:00,2017-10-03 23:32:45+00:00,saifelse,gaearon,559.1967361111111
6304,Disabled input button should not fire onClick in IE11,2016-03-20 11:47:51+00:00,2016-03-20 14:53:46+00:00,nippur72,gaearon,0.1291087962962963
6288,"ReactPerf.printDOM() throws ""Uncaught TypeError: Converting circular structure to JSON(…)""",2016-03-17 20:35:31+00:00,2016-03-18 22:24:18+00:00,gaearon,gaearon,1.0755439814814816
6284,Form input name='nodeName' breaks onSubmit event handling,2016-03-17 12:58:47+00:00,,insonifi,,
6246,v15-rc1 seems to skip some text nodes in IE,2016-03-11 11:10:38+00:00,2016-03-11 19:05:43+00:00,heapx,zpao,0.32991898148148147
6219,Select option empty value regression in 15.0.0-rc.1,2016-03-08 19:07:06+00:00,2016-04-05 20:27:13+00:00,chicoxyzzy,zpao,28.055636574074075
6217,onResponderGrant called before onResponderTerminate,2016-03-08 18:46:34+00:00,,aleclarson,aleclarson,
6209,renderToString() fails to terminate comment node,2016-03-08 09:23:02+00:00,2016-03-11 07:36:36+00:00,coodoo,zpao,2.926087962962963
6027,Render during reconciliation causes NPE,2016-02-12 19:46:38+00:00,2016-02-13 21:23:53+00:00,sambev,jimfb,1.0675347222222222
5990,Updates not queued properly when using unstable_renderSubtreeIntoContainer,2016-02-06 03:43:48+00:00,2017-09-27 14:51:03+00:00,jimfb,jquense,599.4633680555555
5929,React.cloneElement handles `undefined` props differently to React.createElement,2016-01-28 18:23:20+00:00,2016-02-19 22:53:38+00:00,richardscarrott,jimfb,22.187708333333333
5848,scryRenderedDOMComponentsWithTag throws error on FF 43.0.4,2016-01-13 22:09:28+00:00,2018-01-05 21:19:18+00:00,jspears,gaearon,722.9651620370371
5700,DataTransfer's dropEffect not working on IE/Edge with not minified version react.js,2015-12-21 16:28:31+00:00,,srayuws,,
5383,After server-side renderToString() component claims it isMounted() ,2015-11-04 00:44:01+00:00,2016-08-18 22:33:07+00:00,RickWong,sophiebits,288.9090972222222
5121,Page messed up: facebook.github.io/react/html-jsx.html,2015-10-10 14:40:55+00:00,2015-10-11 22:01:20+00:00,serprime,sophiebits,1.3058449074074074
4856, Stateless function components do not work with native arrow functions,2015-09-12 11:13:28+00:00,2015-09-16 19:02:39+00:00,ntkoopman,zpao,4.325821759259259
4854,Pressing spacebar on a checked radio button only fires click in some browsers,2015-09-11 20:48:01+00:00,2018-07-15 02:00:56+00:00,matchu,nhunzaker,1037.2173032407406
4745,Target value sometimes undefined,2015-08-31 20:25:15+00:00,2015-09-09 22:09:34+00:00,mnlfischer,sophiebits,9.07244212962963
4672,Change event does not fire in IE and Edge under certain circumstances,2015-08-20 21:40:35+00:00,2018-07-15 21:41:48+00:00,iclanzan,nhunzaker,1060.0008449074073
4533,Callback ref is passed null and then the component again,2015-07-31 10:25:43+00:00,2015-07-31 20:41:43+00:00,ide,sophiebits,0.42777777777777776
4511,Yet Another Invariant Violation: ReactMount: Two valid but unequal nodes with the same `data-reactid`,2015-07-28 19:20:07+00:00,2015-07-29 01:49:51+00:00,dmin,sophiebits,0.27064814814814814
4492,`onMouseLeave` can be unreliable in Chrome,2015-07-26 20:23:05+00:00,2017-10-03 23:24:50+00:00,petehunt,gaearon,800.1262152777778
4388,Unexpected behavior of `findRenderedDOMComponentWithTag` in React 0.14-beta1,2015-07-15 15:20:01+00:00,2015-07-29 01:41:00+00:00,EvHaus,zpao,13.431238425925926
4333,renderToString incorrectly supports select's defaultValue,2015-07-09 23:03:32+00:00,2015-07-09 23:13:14+00:00,nkt,zpao,0.006736111111111111
4323,Checksum inserted incorrectly for self-closing root tags,2015-07-09 16:55:35+00:00,2015-07-09 21:23:07+00:00,zpao,jimfb,0.18578703703703703
4316,Example of using TestUtils.Simulate.change on a multiple select field.,2015-07-08 15:21:58+00:00,2018-01-05 21:24:16+00:00,gruntruk,gaearon,912.2515972222222
4251,mouseenter fires on disabled inputs whereas mouseleave does not,2015-06-29 16:05:38+00:00,2020-02-26 21:08:55+00:00,jquense,gaearon,1703.2106134259259
3926,Change event fires extra times before IME composition ends,2015-05-21 06:30:30+00:00,,chenxsan,,
3799,React can mount with <div placeholder=x> but does not update placeholder attribute,2015-05-01 10:45:32+00:00,2016-02-10 23:24:25+00:00,slorber,jimfb,285.5270023148148
3792,"Uncaught Error: ""Unable to find element"" when updating the innerhtml of an Option element.",2015-04-30 15:56:13+00:00,2015-04-30 18:17:43+00:00,Surreal9,sophiebits,0.09826388888888889
3790,"Bad interaction between React ""click"" event handler and native ""click"" event handler",2015-04-30 09:32:37+00:00,2015-09-22 16:54:04+00:00,rigdern,sophiebits,145.3065625
3751,React's blur may not have relatedTarget in IE 9-11 where it is supported.,2015-04-26 23:20:12+00:00,2020-08-10 17:56:47+00:00,dantman,gaearon,1932.7754050925926
3713,Component rendering null always triggers a DOM update,2015-04-21 21:13:15+00:00,2015-04-30 07:09:33+00:00,leoasis,sophiebits,8.414097222222223
3659,change event is not fired for input type=date,2015-04-13 10:42:18+00:00,2017-08-10 11:39:30+00:00,dan-codes-16,jquense,850.0397222222222
3606,"setting attribute ""style"" to null breaks this attribute",2015-04-07 09:06:01+00:00,2015-04-07 20:13:31+00:00,firlaj,zpao,0.4635416666666667
3418,replaceState throws away functions in 0.13,2015-03-15 18:50:25+00:00,2015-05-08 20:16:43+00:00,WishCow,sophiebits,54.05993055555555
3344,Invoking renderToStaticMarkup in render() causes refs to break,2015-03-08 18:33:55+00:00,2018-05-28 16:32:12+00:00,masonicboom,aweary,1176.915474537037
3340,Context not updated on Component mounted with React.render(),2015-03-07 01:34:57+00:00,2015-03-09 20:27:14+00:00,jquense,sebmarkbage,2.7863078703703703
3328,node PropType validation hits error with null values,2015-03-05 20:51:21+00:00,2015-03-09 20:43:26+00:00,zpao,zpao,3.994502314814815
3313,TypeError when parent Component is updated after uncaught exception in child Component's componentWillMount,2015-03-04 22:29:30+00:00,2015-03-05 09:57:14+00:00,adamziel,sebmarkbage,0.47759259259259257
3302,MozMacOSXFontSmoothing is rendered incorrectly,2015-03-03 03:20:07+00:00,2015-03-11 18:11:47+00:00,petehunt,jimfb,8.619212962962964
3298,React fails to unmount component from within event handler,2015-03-02 14:48:04+00:00,2017-04-21 21:22:58+00:00,slorber,aweary,781.2742361111111
3225,JSXTransformer breaks when creating source maps and defineProperty not available,2015-02-22 00:38:29+00:00,2015-06-18 18:28:49+00:00,Daniel15,zpao,116.74328703703704
3146,createNodesFromMarkup renders with global document,2015-02-14 01:51:17+00:00,2017-05-12 07:53:52+00:00,syranide,syranide,818.2517939814815
2988,ReactMount.nodeCache is repopulated with purged nodes that are focused at unmount,2015-01-30 21:38:23+00:00,2016-04-02 22:03:37+00:00,syranide,sophiebits,428.01752314814814
2770,"When returning null, <noscript /> tag is always rerendered",2014-12-23 23:20:08+00:00,2015-09-10 05:09:34+00:00,zpao,sophiebits,260.24266203703706
2682,setState in componentWillUpdate should return a proper error,2014-12-09 12:00:03+00:00,2017-07-11 22:17:49+00:00,bitplanets,nhunzaker,945.4290046296296
2620,"""Unable to find element"" error on <option> elements",2014-11-28 11:49:54+00:00,2015-05-14 17:36:27+00:00,mmavko,sophiebits,167.24065972222223
2576,tests using React 0.12 and Jest-mocked sub-components result in different behavior when using jsx versus React.createFactory(),2014-11-20 20:55:53+00:00,2016-10-27 14:12:02+00:00,awei01,gaearon,706.7195486111111
2517,How to implement shouldComponentUpdate with this.context?,2014-11-13 16:42:38+00:00,2018-01-25 12:19:53+00:00,gaearon,gaearon,1168.8175347222223
2407,"Adding and then removing ""background"" from style attribute creates unwanted styles",2014-10-24 11:42:39+00:00,2015-08-20 00:38:33+00:00,WickyNilliams,sophiebits,299.53881944444447
2380,Strange behaviour for SVG defs,2014-10-19 14:37:15+00:00,2016-03-18 21:45:21+00:00,taddei,gaearon,516.2972916666666
2353,De-register null component flag for _rootNodeID when we remove a composite component.,2014-10-15 13:01:47+00:00,2014-11-15 20:47:08+00:00,jenshz,sophiebits,31.323159722222222
2331,Nasty IE8 user input bug,2014-10-12 20:45:57+00:00,2016-10-27 14:15:55+00:00,syranide,gaearon,745.7291435185185
2311,Avoid `Unkown runtime error` on IE8 script tag,2014-10-09 01:02:47+00:00,2016-03-26 19:21:39+00:00,lrowe,gaearon,534.7631018518518
2298, Safari 6 bug: Attempted to assign to readonly property.,2014-10-07 10:03:49+00:00,2015-07-08 22:10:36+00:00,DKunin,zpao,274.50471064814815
2266,ReactDOMComponent should not accept children for void elements,2014-09-28 09:55:33+00:00,2015-03-10 22:24:00+00:00,syranide,sophiebits,163.51975694444445
2250,Better SVG Support for namespaced attributes,2014-09-26 11:58:32+00:00,2015-09-01 18:33:01+00:00,ledbruno,sophiebits,340.2739467592593
2249,Replace '\uFEFF' with '!' for setInnerHTML to avoid UglifyJS bug,2014-09-26 09:58:54+00:00,2014-10-25 11:08:16+00:00,syranide,syranide,29.048171296296296
2247,Minified version broken in IE8,2014-09-26 05:31:46+00:00,2015-04-13 22:45:13+00:00,cascadian,zpao,199.7176736111111
2242,Remount ReactDOMInput when changing type,2014-09-25 12:25:49+00:00,2016-03-26 18:56:20+00:00,syranide,gaearon,548.2711921296296
2203,html5 input type=number doesn't work with empty value,2014-09-17 15:09:31+00:00,2014-09-29 22:51:07+00:00,wheercool,syranide,12.320555555555556
2193,getEventKey implementation inconsistent with DOM3 spec / Firefox implementation,2014-09-15 04:41:21+00:00,,Daniel15,,
2185,EN-Dash Causes onChange to fire in IE11 on Render,2014-09-12 16:15:25+00:00,2016-04-15 21:37:26+00:00,browniefed,jimfb,581.2236226851852
2182,video component doesnt support media events,2014-09-11 22:16:20+00:00,2015-10-23 16:26:34+00:00,daniellewissc,zpao,406.75710648148146
2164,setState callback in componentWillMount should get called,2014-09-09 02:39:05+00:00,2014-12-30 15:34:44+00:00,zpao,zpao,112.53864583333333
2160,"JSXTransformer doesn't handle element with ""="" as content",2014-09-08 01:18:58+00:00,2014-09-08 01:49:13+00:00,Daniel15,zpao,0.021006944444444446
2136,"Whitespace in option element before property variable triggers ""Invariant Violation""",2014-09-03 14:40:15+00:00,2015-10-14 20:51:20+00:00,isaacbernat,jimfb,406.25769675925926
2135,"IE8 does not have a setter for property ""enctype""",2014-09-03 13:34:13+00:00,2015-02-04 12:47:54+00:00,syranide,syranide,153.96783564814814
2005,Resolving implicit thead can lead to invariant violation,2014-08-06 11:47:28+00:00,2017-10-01 23:47:30+00:00,syranide,gaearon,1152.500023148148
1998,Object.assign polyfilled in environment,2014-08-05 09:53:36+00:00,2014-10-15 06:08:55+00:00,syranide,zpao,70.84396990740741
1962,ReactTextComponent's string props clashes with cloneWithProps,2014-07-30 16:54:33+00:00,2014-09-29 23:15:48+00:00,glenjamin,syranide,61.26475694444444
1955,Key Event issues,2014-07-29 22:19:52+00:00,2014-09-29 23:17:31+00:00,zpao,syranide,62.040034722222224
1939,Running two copies of React on a page can give errors because both use ID '.0',2014-07-26 21:10:14+00:00,2015-09-10 05:10:19+00:00,sophiebits,sophiebits,410.3333912037037
1920,Unexpected behaviour on Input element onKeyPress event,2014-07-24 09:47:57+00:00,2017-07-06 23:37:35+00:00,marcbelmont,nhunzaker,1078.5761342592593
1905,Mutating <noscript> content on IE8 throws,2014-07-21 22:10:15+00:00,2016-03-14 22:37:08+00:00,syranide,syranide,602.0186689814815
1839,Updates in componentDidMount not batched for initial render,2014-07-15 20:48:37+00:00,2015-02-27 23:37:32+00:00,syranide,sophiebits,227.11730324074074
1782,React doesn't handle duplicate refs well,2014-07-03 02:08:59+00:00,2015-01-23 02:13:52+00:00,sophiebits,sophiebits,204.0033912037037
1740,setState callback in componentWillMount?,2014-06-25 04:11:16+00:00,2015-07-15 12:52:54+00:00,matthewwithanm,sophiebits,385.3622453703704
1718,IFrame onLoad event with React,2014-06-18 21:09:06+00:00,2015-04-29 09:00:32+00:00,sahat,sophiebits,314.49405092592593
1698,Controlled input cursor jumps when used with layers,2014-06-16 21:45:53+00:00,2014-07-30 03:15:59+00:00,sophiebits,zpao,43.22923611111111
1593,_renderedChildren can get out of sync with DOM when render throws,2014-05-24 00:05:32+00:00,2015-11-25 23:02:46+00:00,sophiebits,sophiebits,550.956412037037
1569,dangerouslyReplaceNodeWithMarkupByID uses getNode on an unmounted/purged ID,2014-05-19 21:53:45+00:00,2015-11-18 18:51:20+00:00,syranide,sophiebits,547.8733217592593
1478,transitionLeave={false} does not properly bypass the need to have a transition leave animation,2014-05-02 19:00:32+00:00,2015-04-01 21:52:12+00:00,danholtzman,sophiebits,334.119212962963
1471,onChange handler for radio buttons does not fire according to spec.,2014-05-01 12:18:43+00:00,2016-04-15 21:37:26+00:00,EamonNerbonne,jimfb,715.3879976851852
1398,React.renderComponentToStaticMarkup doesn't generate selected attributes from value/defaultValue,2014-04-11 11:16:02+00:00,2015-04-07 23:49:10+00:00,insin,sophiebits,361.52300925925925
1392,Refs should be updated even if shouldComponentUpdate returns false,2014-04-10 05:08:24+00:00,2014-10-23 01:01:30+00:00,sophiebits,sophiebits,195.82854166666667
1263,Error: Invariant Violation: ReactMount: Two valid but unequal nodes with the same `data-reactid`,2014-03-17 08:02:36+00:00,2014-03-28 01:50:28+00:00,dlindahl,dlindahl,10.741574074074075
1253,iframe contents cause invariant violation,2014-03-12 21:35:00+00:00,,matthewwithanm,,
1252,noscript contents cause invariant violation,2014-03-12 21:33:49+00:00,2017-11-03 16:16:28+00:00,matthewwithanm,gaearon,1331.7796180555556
1232,Switching from dangerouslySetInnerHTML to children,2014-03-07 15:52:15+00:00,2015-07-20 23:57:01+00:00,kcarnold,sophiebits,500.33664351851854
1169,MobileSafariClickEventPlugin requires touch events to be initialized,2014-02-24 16:45:33+00:00,2015-03-10 22:31:38+00:00,Simek,sophiebits,379.2403356481482
1159,Provide a way to handle browser-autocompleted form values on controlled components,2014-02-22 02:05:11+00:00,,ericflo,,
996,Ignore whitespace in the container element when reusing markup,2014-01-30 10:32:44+00:00,2017-07-12 02:21:23+00:00,Rowno,aweary,1258.6587847222222
858,Iframe's reinitialise when moving down within a group of components,2014-01-09 22:58:14+00:00,2017-10-01 22:17:29+00:00,pieterv,gaearon,1360.971701388889
856,Only run tests built from files that exist in src/,2014-01-09 19:59:23+00:00,2014-01-28 02:01:18+00:00,benjamn,benjamn,18.251331018518517
837,Detect vendor prefixes for CSS numeric value detection,2014-01-07 22:19:52+00:00,2014-02-13 07:55:20+00:00,zpao,sophiebits,36.39962962962963
836,Support flex CSS property better,2014-01-07 22:10:48+00:00,2014-01-18 06:32:24+00:00,zpao,sophiebits,10.348333333333333
789,Set target properties explicitly for enter/leave,2014-01-03 00:03:52+00:00,2014-01-07 00:16:36+00:00,sophiebits,yungsters,4.008842592592592
747,Set currentTarget on synthetic events,2013-12-30 18:53:34+00:00,2014-01-06 04:41:49+00:00,sophiebits,yungsters,6.4085069444444445
643,Fix scrollLeft/scrollTop warning in latest Chrome,2013-12-08 00:02:10+00:00,2014-01-06 04:41:36+00:00,sophiebits,yungsters,29.194050925925925
633,`grunt test:webdriver:saucelabs:ios` → Error: Error response status: 13,2013-12-04 20:42:43+00:00,2014-12-10 22:33:37+00:00,subtleGradient,zpao,371.07701388888887
632,ImmutableObject should tolerate arrays at deeper levels and prevent mutation on them — Fails in Safari,2013-12-04 20:02:19+00:00,2014-09-23 23:45:27+00:00,subtleGradient,zpao,293.1549537037037
631,onScroll doesn't work in IE8,2013-12-04 19:27:34+00:00,2014-01-03 19:20:22+00:00,zpao,cpojer,29.995
615,JSX tool return zero on error,2013-11-26 13:07:54+00:00,2014-01-02 20:09:27+00:00,arsfeld,benjamn,37.292743055555555
590,"Honor instance identity (the ""key"" prop) for the root component",2013-11-23 04:24:21+00:00,2013-12-26 06:15:14+00:00,ide,petehunt,33.07700231481481
554,input type=range onChange should fire when changing the value using the keyboard arrow keys,2013-11-17 00:10:15+00:00,2016-04-15 21:37:26+00:00,subtleGradient,jimfb,880.8938773148149
532,'getElementsByClassName' doesn't exist in IE8,2013-11-13 23:09:44+00:00,2013-11-25 17:29:53+00:00,subtleGradient,subtleGradient,11.763993055555556
531,"Cannot provide a valueLink and a value or onChange event. If you want to use value or onChange, you probably don't want to use valueLink",2013-11-13 23:07:29+00:00,2014-01-06 18:08:15+00:00,subtleGradient,cpojer,53.79219907407408
519,ReactDOMInput should support ReactLink in IE,2013-11-11 22:57:36+00:00,2014-02-19 18:58:55+00:00,subtleGradient,chenglou,99.83424768518519
518,ReactDOMInput should not set a value for submit buttons unnecessarily fails in IE,2013-11-11 22:57:02+00:00,2014-06-20 07:42:45+00:00,subtleGradient,sophiebits,220.3650810185185
517,ReactDOMInput should properly control a value of number `0` fails in IE,2013-11-11 22:29:48+00:00,2014-02-19 18:58:55+00:00,subtleGradient,chenglou,99.85355324074074
515,Error: Invalid target element for this operation -- IE9,2013-11-11 22:26:07+00:00,2014-01-06 18:16:06+00:00,subtleGradient,petehunt,55.82637731481481
496,`window.__DEV__` should not be compiled to `window.true`,2013-11-09 01:00:11+00:00,2013-11-13 22:53:24+00:00,subtleGradient,subtleGradient,4.911956018518518
473,"<input type=""submit"" /> gives a button with no text on it",2013-11-05 19:07:15+00:00,2013-11-07 06:56:20+00:00,sophiebits,zpao,1.4924189814814814
441,React throws when rendering some HTML tags inside Windows 8 app.,2013-10-22 05:23:53+00:00,2015-01-08 00:47:38+00:00,joshduck,zpao,442.80815972222223
427,Use the right document in iframe selection events,2013-10-15 21:01:09+00:00,2018-08-04 00:07:23+00:00,zpao,nhunzaker,1753.1293287037038
358,Use MutationObserver instead of Mutation Events,2013-09-18 19:05:26+00:00,2013-10-11 23:46:30+00:00,zpao,zpao,23.195185185185185
302,Standardize prop -> DOM attribute process,2013-08-30 21:20:37+00:00,2013-10-15 19:25:45+00:00,zpao,zpao,45.92023148148148
264,"""rowspan"" attribute does not appear in DOM",2013-08-14 16:24:14+00:00,2013-08-25 18:34:36+00:00,ericclemmons,ericclemmons,11.090532407407407
250,`defaultValue` for select not working,2013-08-05 00:56:13+00:00,2013-08-18 04:50:15+00:00,chenglou,yungsters,13.162523148148148
242,Radio buttons not working correctly,2013-07-30 03:19:58+00:00,2013-09-07 20:54:59+00:00,chenglou,zpao,39.732650462962965
229,Docblock parsing fails with \r\n,2013-07-24 17:42:08+00:00,2013-09-23 22:31:19+00:00,zpao,zpao,61.200821759259256
215,Some lifecycle methods are broken,2013-07-19 19:15:07+00:00,2013-07-19 23:35:43+00:00,zpao,zpao,0.18097222222222223
183,Parsing error for HTML entity in nested JSX.,2013-07-10 23:17:50+00:00,2014-02-15 23:49:29+00:00,lrowe,sophiebits,220.02197916666665
166,Fix tests when using phantomjs 1.9.1-1,2013-07-05 23:00:19+00:00,2013-07-05 23:18:09+00:00,benjamn,benjamn,0.01238425925925926
137,Address EMFILE (too many open files) errors for clean `grunt test` runs,2013-06-28 21:15:11+00:00,2013-07-01 20:54:17+00:00,benjamn,zpao,2.9854861111111113
